Year,Country,Total_Medals,Gold_Medals,Silver_Medals,Bronze_Medals,Total_Athletes,Events_Count,Host_or_Not,Country_Code,population_total,population_growth,GNI_per_capita,GDP,GDP_growth,Region,GDP_per_capita,Population_Percentage,GDP_Percentage,HDI
2008,Afghanistan,1,0,0,1,4,4,0,AFG,26427200,2.00233,370,10109300000,3.92498,South Asia,382.534,0.003905953,0.000158892,0.437
2012,Afghanistan,1,0,0,1,6,6,0,AFG,30466500,4.07763,640,19907300000,12.7523,South Asia,653.417,0.004288092,0.000265222,0.482
1992,Algeria,2,1,0,1,35,27,0,ALG,26748300,2.32375,1920,48003100000,1.8,Middle East and North Africa,1794.62,0.004917921,0.001912396,0.587
1996,Algeria,3,2,0,1,45,29,0,ALG,28984600,1.76332,1530,46941600000,4.1,Middle East and North Africa,1619.53,0.00501543,0.001489396,0.608
2000,Algeria,5,1,1,3,47,42,0,ALG,30774600,1.40229,1610,54790400000,3.8,Middle East and North Africa,1780.38,0.005036402,0.001636901,0.644
2008,Algeria,2,0,1,1,56,44,0,ALG,34569600,1.70897,4460,1.80384E+11,2.5,Middle East and North Africa,5217.99,0.005109403,0.002835167,0.709
2012,Algeria,1,1,0,0,38,29,0,ALG,37260600,1.9431,5690,2.27144E+11,2.4,Middle East and North Africa,6096.09,0.005244344,0.003026196,0.74
2016,Algeria,2,0,2,0,64,48,0,ALG,40339300,1.99343,4980,1.80764E+11,3.9,Middle East and North Africa,4481.08,0.005412499,0.00238678,0.753
1992,Argentina,1,0,0,1,84,68,0,ARG,33568300,1.38743,6060,2.28779E+11,7.93729,Latin America and Caribbean,6815.33,0.006171838,0.009114319,0.72
1996,Argentina,3,0,2,1,179,102,0,ARG,35389400,1.26041,7700,2.7215E+11,5.52669,Latin America and Caribbean,7690.16,0.006123688,0.008634964,0.738
2000,Argentina,4,0,2,2,143,98,0,ARG,37070800,1.13328,7430,2.84204E+11,-0.788999,Latin America and Caribbean,7666.52,0.006066795,0.008490783,0.771
2004,Argentina,6,2,0,4,152,86,0,ARG,38668800,1.01534,3360,1.64658E+11,9.02957,Latin America and Caribbean,4258.16,0.006007986,0.003764852,0.78
2008,Argentina,6,2,0,4,132,71,0,ARG,40273800,0.992294,7630,3.61558E+11,4.05723,Latin America and Caribbean,8977.51,0.005952483,0.005682756,0.795
2012,Argentina,4,1,1,2,137,66,0,ARG,41733300,1.13691,11890,5.45982E+11,-1.02642,Latin America and Caribbean,13082.7,0.005873869,0.007274027,0.818
2016,Argentina,4,3,1,0,215,80,0,ARG,43590400,1.05718,12220,5.57532E+11,-2.08033,Latin America and Caribbean,12790.3,0.005848705,0.007361576,0.822
1996,Armenia,2,1,1,0,32,36,0,ARM,3298900,-0.721391,500,1596970000,5.8654,Europe and Central Asia,484.092,0.000570833,5.06698E-05,0.612
2000,Armenia,1,0,0,1,25,26,0,ARM,3168520,-1.17679,640,1911560000,5.9,Europe and Central Asia,603.298,0.000518543,5.71093E-05,0.647
2008,Armenia,6,0,0,6,25,24,0,ARM,2983420,-0.700492,3510,11662000000,6.9,Europe and Central Asia,3908.95,0.000440951,0.000183297,0.727
2012,Armenia,3,0,1,2,24,30,0,ARM,2914420,-0.49817,3840,10619300000,7.2,Europe and Central Asia,3643.72,0.000410199,0.000141479,0.737
2016,Armenia,4,1,3,0,31,32,0,ARM,2865840,-0.444257,3850,10546100000,0.2,Europe and Central Asia,3679.95,0.000384521,0.00013925,0.749
1992,Australia,27,7,9,11,279,153,0,AUS,17478600,1.1196,18570,3.25518E+11,0.427678,East Asia and Pacific,18623.8,0.003213608,0.012968324,0.868
1996,Australia,41,9,9,23,417,211,0,AUS,18224800,1.21385,20590,4.01342E+11,3.86393,East Asia and Pacific,22021.8,0.003153569,0.012734066,0.886
2000,Australia,58,16,25,17,617,270,1,AUS,19028800,1.14447,21300,4.16168E+11,3.92152,East Asia and Pacific,21870.4,0.003114147,0.012433301,0.898
2004,Australia,50,17,16,17,470,219,0,AUS,19932700,1.0692,25850,6.1466E+11,4.22432,East Asia and Pacific,30836.7,0.003096955,0.014054007,0.907
2008,Australia,46,14,15,17,432,219,0,AUS,21249200,2.00391,42410,1.05611E+12,3.58623,East Asia and Pacific,49701.3,0.003140642,0.016599353,0.92
2012,Australia,35,7,16,12,405,208,0,AUS,22733500,1.74582,60290,1.54765E+12,3.91841,East Asia and Pacific,68078,0.003199687,0.020619066,0.929
2016,Australia,29,8,11,10,420,194,0,AUS,24190900,1.56194,54140,1.20758E+12,2.77914,East Asia and Pacific,49918.8,0.003245797,0.015944724,0.938
1992,Austria,2,0,2,0,102,68,0,AUT,7840710,1.10055,24520,1.95078E+11,2.09352,Europe and Central Asia,24880.2,0.001441586,0.007771714,0.805
1996,Austria,3,0,1,2,72,53,0,AUT,7959020,0.13502,30090,2.37251E+11,2.34953,Europe and Central Asia,29809.1,0.001377209,0.00752767,0.82
2000,Austria,3,2,1,0,92,68,0,AUT,8011570,0.240467,26810,1.9729E+11,3.37572,Europe and Central Asia,24625.6,0.001311128,0.005894164,0.838
2004,Austria,7,2,4,1,74,56,0,AUT,8171970,0.620413,33850,3.01458E+11,2.73512,Europe and Central Asia,36889.2,0.001269682,0.006892732,0.849
2008,Austria,3,0,1,2,70,62,0,AUT,8321500,0.313041,49210,4.32052E+11,1.46042,Europe and Central Asia,51920,0.001229921,0.006790738,0.884
2016,Austria,1,0,0,1,71,61,0,AUT,8736670,1.0814,46240,3.95837E+11,1.98944,Europe and Central Asia,45307.6,0.001172236,0.005226579,0.906
1996,Azerbaijan,1,0,1,0,23,23,0,AZE,7763000,1.0118,240,3176510000,1.3,Europe and Central Asia,409.186,0.00134329,0.000100787,0.612
2000,Azerbaijan,3,2,0,1,31,32,0,AZE,8048600,0.82152,630,5272620000,11.1,Europe and Central Asia,655.097,0.001317189,0.000157523,0.64
2004,Azerbaijan,5,1,0,4,36,36,0,AZE,8306500,0.875427,960,8680410000,9.2538,Europe and Central Asia,1045.01,0.001290584,0.000198475,0.674
2008,Azerbaijan,7,1,2,4,44,37,0,AZE,8763400,2.09985,3890,48851300000,10.759,Europe and Central Asia,5574.47,0.001295235,0.000767816,0.719
2012,Azerbaijan,10,2,2,6,52,57,0,AZE,9295780,1.32876,6480,69679900000,2.16524,Europe and Central Asia,7495.87,0.001308362,0.000928334,0.745
2016,Azerbaijan,18,1,7,10,56,62,0,AZE,9757810,1.11786,4790,37867000000,-3.1,Europe and Central Asia,3880.69,0.001309247,0.00049999,0.757
1992,Bahamas,1,0,0,1,14,13,0,BHS,281973,2.12003,10900,3109000000,-3.82558,Latin America and Caribbean,11025.9,5.18433E-05,0.000123859,0.732
1996,Bahamas,1,0,1,0,26,17,0,BHS,304933,1.77974,14840,3609000000,4.22353,Latin America and Caribbean,11835.4,5.27649E-05,0.000114509,0.787
2000,Bahamas,3,2,0,1,25,18,0,BHS,325014,1.46976,23790,8076470000,4.14842,Latin America and Caribbean,24849.6,0.00005319,0.00024129,0.776
2004,Bahamas,2,1,0,1,22,18,0,BHS,343089,1.34953,27200,9055290000,0.882374,Latin America and Caribbean,26393.4,5.33059E-05,0.000207046,0.784
2008,Bahamas,2,0,1,1,25,22,0,BHS,362795,1.42383,29270,10526000000,-2.32365,Latin America and Caribbean,29013.6,5.36213E-05,0.000165441,0.79
2012,Bahamas,1,1,0,0,21,16,0,BHS,382061,1.08184,27160,10720500000,2.9979,Latin America and Caribbean,28059.7,5.37743E-05,0.000142827,0.807
2016,Bahamas,2,1,0,1,29,20,0,BHS,395976,0.831528,26920,11745100000,-0.961909,Latin America and Caribbean,29661.1,5.31298E-05,0.000155081,0.806
2012,Bahrain,1,0,0,1,12,11,0,BRN,1224940,1.05556,41580,30749300000,3.72811,East Asia and Pacific,46844.2,0.000172408,0.000253779,0.8
2016,Bahrain,2,1,1,0,33,20,0,BRN,1409660,3.42908,32690,32250100000,3.47352,East Asia and Pacific,26762,0.00018914,0.00015053,0.846
2000,Barbados,1,0,0,1,18,21,0,BAR,264657,0.184181,11060,3059500000,4.44719,Latin America and Caribbean,11560.2,4.33123E-05,9.14047E-05,0.752
1996,Belarus,15,1,6,8,157,115,0,BLR,10159600,-0.336671,1450,14756800000,2.8,Europe and Central Asia,1452.51,0.001757987,0.000468216,0.661
2000,Belarus,17,3,3,11,139,109,0,BLR,9979610,-0.471131,1380,12736800000,5.8,Europe and Central Asia,1276.28,0.001633207,0.00038052,0.683
2004,Belarus,13,2,5,6,151,121,0,BLR,9730150,-0.682169,2170,23141600000,11.4497,Europe and Central Asia,2378.34,0.001511777,0.000529125,0.715
2008,Belarus,18,4,5,9,177,122,0,BLR,9527990,-0.345415,5470,60752100000,10.2,Europe and Central Asia,6376.18,0.001408241,0.000954866,0.774
2012,Belarus,12,2,5,5,160,110,0,BLR,9446840,-0.156618,6630,65685900000,1.68714,Europe and Central Asia,6953.22,0.001329622,0.000875122,0.803
2016,Belarus,9,1,4,4,120,86,0,BLR,9469380,0.0877211,5640,47723500000,-2.52583,Europe and Central Asia,5039.78,0.001270547,0.000630135,0.805
1992,Belgium,3,0,1,2,68,70,0,BEL,10045200,0.405713,23170,2.34782E+11,1.53065,Europe and Central Asia,23372.6,0.001846895,0.009353462,0.825
1996,Belgium,6,2,2,2,61,55,0,BEL,10156600,0.195393,28550,2.79201E+11,1.32145,Europe and Central Asia,27489.6,0.00175748,0.008858705,0.857
2000,Belgium,5,0,2,3,68,64,0,BEL,10251300,0.242518,25890,2.36792E+11,3.71668,Europe and Central Asia,23098.9,0.001677662,0.007074338,0.873
2004,Belgium,3,1,0,2,50,41,0,BEL,10421100,0.432788,32910,3.69215E+11,3.5712,Europe and Central Asia,35429.4,0.001619136,0.008441978,0.885
2008,Belgium,2,1,1,0,94,55,0,BEL,10710000,0.789977,46570,5.17328E+11,0.446929,Europe and Central Asia,48303.4,0.001582939,0.008131058,0.899
2012,Belgium,3,0,1,2,111,71,0,BEL,11106900,0.620164,47130,4.96153E+11,0.739217,Europe and Central Asia,44670.6,0.001563277,0.006610157,0.905
2016,Belgium,6,2,2,2,104,74,0,BEL,11331400,0.5063,43400,4.76063E+11,1.26669,Europe and Central Asia,42012.6,0.001520385,0.006285864,0.915
2012,Botswana,1,0,1,0,4,4,0,BOT,2175430,1.92086,6700,13907500000,-0.170901,Sub-Saharan Africa,6392.99,0.000306186,0.000185287,0.683
1992,Brazil,3,2,1,0,182,107,0,BRA,155901000,1.65853,2310,3.28192E+11,-0.544072,Latin America and Caribbean,2105.13,0.028663794,0.013074832,0.622
1996,Brazil,15,3,3,9,221,93,0,BRA,166037000,1.53047,4370,8.50426E+11,2.20886,Latin America and Caribbean,5121.91,0.028730656,0.026982945,0.656
2000,Brazil,12,0,6,6,198,96,0,BRA,175874000,1.36677,3910,6.55448E+11,4.38795,Latin America and Caribbean,3726.81,0.028782508,0.019581969,0.684
2004,Brazil,10,5,2,3,243,133,0,BRA,184722000,1.13939,3340,6.69289E+11,5.75996,Latin America and Caribbean,3623.22,0.028700337,0.015303092,0.698
2008,Brazil,16,3,4,9,268,145,0,BRA,192672000,0.987284,7590,1.69586E+12,5.0942,Latin America and Caribbean,8801.76,0.028477064,0.026654452,0.716
2012,Brazil,17,3,5,9,248,138,0,BRA,199978000,0.900343,12270,2.46523E+12,1.92118,Latin America and Caribbean,12327.5,0.028146434,0.032843795,0.736
2016,Brazil,19,7,6,6,462,222,1,BRA,206860000,0.811256,8890,1.79569E+12,-3.27592,Latin America and Caribbean,8680.74,0.027755228,0.023710078,0.758
1992,Bulgaria,16,3,7,6,138,116,0,BUL,8540160,-1.07385,1430,10350500000,-7.27239,Europe and Central Asia,1211.98,0.001570188,0.000412354,0.691
1996,Bulgaria,15,3,7,5,110,89,0,BUL,8362830,-0.51573,1590,12295000000,5.20539,Europe and Central Asia,1470.19,0.001447083,0.000390104,0.702
2000,Bulgaria,13,5,6,2,91,85,0,BUL,8170170,-0.493896,1660,13246000000,4.58723,Europe and Central Asia,1621.26,0.001337085,0.000395733,0.712
2004,Bulgaria,12,2,1,9,95,94,0,BUL,7716860,-0.754797,3060,26157700000,6.51043,Europe and Central Asia,3389.69,0.001198972,0.000598089,0.745
2008,Bulgaria,5,1,1,3,70,60,0,BUL,7492560,-0.701923,6070,54480700000,6.12956,Europe and Central Asia,7271.3,0.001107404,0.000856295,0.771
2012,Bulgaria,2,0,1,1,63,56,0,BUL,7305890,-0.579221,7500,54288100000,0.748815,Europe and Central Asia,7430.74,0.001028288,0.000723271,0.786
2016,Bulgaria,3,0,1,2,51,51,0,BUL,7127820,-0.701382,7400,53964300000,3.02663,Europe and Central Asia,7570.93,0.00095637,0.000712536,0.81
1996,Burundi,1,1,0,0,7,6,0,BDI,5930510,-0.0383705,150,869034000,-8,Sub-Saharan Africa,146.536,0.0010262,2.75733E-05,0.294
2016,Burundi,1,0,1,0,9,9,0,BDI,10903300,1.62902,250,2644490000,-0.600001,Sub-Saharan Africa,242.54,0.001462946,3.49174E-05,0.418
2000,Cameroon,1,1,0,0,34,14,0,CMR,15091600,2.63603,720,10566600000,3.83242,Sub-Saharan Africa,700.163,0.002469806,0.000315684,0.431
2004,Cameroon,1,1,0,0,17,15,0,CMR,16809400,2.74462,1020,18826200000,7.04886,Sub-Saharan Africa,1119.98,0.002611684,0.000430455,0.464
2008,Cameroon,1,1,0,0,32,16,0,CMR,18777100,2.83697,1350,27715100000,2.84768,Sub-Saharan Africa,1476.01,0.002775262,0.00043561,0.492
1992,Canada,18,7,4,7,295,199,0,CAN,28371300,1.18368,21420,5.94387E+11,0.890466,North America,20950.3,0.005216318,0.023679787,0.856
1996,Canada,22,3,11,8,303,189,0,CAN,29610200,1.04531,20820,6.30608E+11,1.68896,North America,21297,0.005123679,0.020008387,0.863
2000,Canada,14,3,3,8,294,175,0,CAN,30685700,0.931282,22740,7.44773E+11,5.13854,North America,24271,0.005021855,0.02225062,0.867
2004,Canada,12,3,6,3,262,151,0,CAN,31938800,0.932187,29530,1.02669E+12,3.09236,North America,32145.5,0.004962345,0.023474949,0.887
2008,Canada,19,3,9,7,332,185,0,CAN,33247300,1.08387,44930,1.55299E+12,0.995406,North America,46710.3,0.004913967,0.024408978,0.899
2012,Canada,18,1,5,12,273,179,0,CAN,34713400,1.08375,51080,1.82837E+12,1.75566,North America,52670.3,0.004885836,0.024359004,0.908
2016,Canada,22,4,3,15,310,175,0,CAN,36110800,1.13154,43900,1.52799E+12,1.03855,North America,42314.1,0.00484514,0.020175422,0.922
2000,Chile,1,0,0,1,50,28,0,CHI,15351800,1.14904,5080,78339800000,4.97162,Latin America and Caribbean,44318.2,0.002512389,0.000192391,0.759
2004,Chile,3,2,0,1,22,25,0,CHI,16018000,0.996674,5260,99076000000,6.67425,Latin America and Caribbean,57200.5,0.002488718,0.000195576,0.783
2008,Chile,1,0,1,0,26,26,0,CHI,16661500,1.00085,10060,1.79895E+11,3.78939,Latin America and Caribbean,10797,0.002462572,0.002827477,0.806
1992,China,53,16,22,15,243,144,0,CHN,1164970000,1.22554,390,4.26916E+11,14.2245,East Asia and Pacific,366.461,0.214190445,0.017007887,0.521
1996,China,50,16,22,12,289,155,0,CHN,1217550000,1.04814,650,8.63749E+11,9.92256,East Asia and Pacific,709.416,0.210681861,0.027405663,0.559
2000,China,58,28,16,14,266,163,0,CHN,1262650000,0.787957,940,1.21133E+12,8.49009,East Asia and Pacific,959.36,0.206637412,0.03618937,0.594
2004,China,63,32,17,14,372,204,0,CHN,1296080000,0.593933,1510,1.95535E+12,10.1136,East Asia and Pacific,1508.67,0.201371684,0.044708388,0.635
2008,China,100,51,21,28,583,257,1,CHN,1324660000,0.512387,3100,4.59434E+12,9.65068,East Asia and Pacific,3468.33,0.195784667,0.072211081,0.685
2012,China,88,38,27,23,365,206,0,CHN,1354190000,0.678345,5910,8.53219E+12,7.86374,East Asia and Pacific,6300.58,0.190599342,0.113672802,0.722
2016,China,70,26,18,26,390,209,0,CHN,1387790000,0.573051,8210,1.12333E+13,6.84876,East Asia and Pacific,8094.39,0.186205675,0.148323053,0.748
1992,Chinese Taipei,1,0,1,0,31,15,0,TPE,20802620,0.87,11000,2.2191E+11,8.3,East Asia and Pacific,10720,0.000502953,0.000538695,0.79
1996,Chinese Taipei,1,0,1,0,74,63,0,TPE,21525433,0.73,13825,2.9249E+11,6.2,East Asia and Pacific,13590,0.000520429,0.00071003,0.81
2000,Chinese Taipei,5,0,1,4,55,59,0,TPE,22276672,0.61,15105,3.3068E+11,6.3,East Asia and Pacific,14908,0.000538592,0.000802738,0.82
2004,Chinese Taipei,5,2,2,1,88,52,0,TPE,22689122,0.48,15797,3.4692E+11,7,East Asia and Pacific,15317,0.000548564,0.000842161,0.825
2008,Chinese Taipei,4,0,0,4,79,41,0,TPE,23037031,0.24,18503,4.159E+11,0.8,East Asia and Pacific,18081,0.000556975,0.001009612,0.83
2012,Chinese Taipei,2,0,1,1,44,40,0,TPE,23315822,0.39,21922,4.9561E+11,2.2,East Asia and Pacific,21295,0.000563716,0.001203111,0.845
2016,Chinese Taipei,3,1,0,2,55,46,0,TPE,23539816,0.35,23684,5.4308E+11,2.2,East Asia and Pacific,23091,0.000569131,0.001318347,0.855
1992,Colombia,1,0,0,1,49,31,0,COL,33939000,1.98309,1590,58394400000,4.04493,Latin America and Caribbean,1720.57,0.006240004,0.002326375,0.606
2000,Colombia,1,1,0,0,44,45,0,COL,39215100,1.61983,2360,99875100000,2.92486,Latin America and Caribbean,2546.85,0.006417729,0.002983837,0.653
2004,Colombia,2,0,0,2,53,59,0,COL,41648300,1.42817,2640,1.17092E+11,5.33302,Latin America and Caribbean,2811.46,0.006470908,0.002677281,0.671
2008,Colombia,2,0,1,1,67,74,0,COL,43815300,1.16787,4770,2.42504E+11,3.28345,Latin America and Caribbean,5534.69,0.006475925,0.003811537,0.71
2012,Colombia,8,1,3,4,101,81,0,COL,45782400,1.03966,7330,3.70691E+11,3.91264,Latin America and Caribbean,8096.8,0.006443777,0.004938653,0.725
2016,Colombia,8,3,2,3,143,85,0,COL,47626000,1.06861,6530,2.8272E+11,2.08738,Latin America and Caribbean,5936.26,0.006390177,0.003732995,0.747
1996,Costa Rica,1,1,0,0,11,13,0,CRC,3656230,2.30684,3220,11678400000,1.35046,Latin America and Caribbean,3194.11,0.000632666,0.000370542,0.691
2000,Costa Rica,2,0,0,2,7,9,0,CRC,3979190,1.97359,3560,15013600000,3.86872,Latin America and Caribbean,3773.03,0.000651212,0.000448543,0.711
2016,Côte d'Ivoire,2,1,0,1,12,12,0,CIV,24213600,2.58068,2020,48407800000,7.17276,Sub-Saharan Africa,1999.2,0.003248844,0.000639169,0.489
1992,Croatia,3,0,1,2,39,23,0,CRO,4575820,-2.44386,3190,10621200000,-11.7133,Europe and Central Asia,2321.15,0.000841306,0.000423137,0.664
1996,Croatia,2,1,1,0,84,57,0,CRO,4557100,-1.37154,4830,24147500000,6.04727,Europe and Central Asia,5298.89,0.000788549,0.00076617,0.709
2000,Croatia,2,1,0,1,88,53,0,CRO,4468300,-0.986435,5300,22128400000,2.95627,Europe and Central Asia,4952.31,0.000731257,0.000661102,0.75
2004,Croatia,5,1,2,2,81,57,0,CRO,4304600,0.0279043,8570,41855200000,4.17995,Europe and Central Asia,9723.36,0.000668807,0.000957006,0.778
2008,Croatia,5,0,2,3,99,66,0,CRO,4309710,-0.0118795,14000,68526300000,2.01952,Europe and Central Asia,15900.5,0.000636977,0.001077057,0.803
2012,Croatia,6,3,1,2,107,53,0,CRO,4267560,-0.305656,13460,57411400000,-2.29826,Europe and Central Asia,13453,0.00060065,0.000764881,0.816
2016,Croatia,10,5,3,2,85,47,0,CRO,4174350,-0.698383,12910,52740100000,3.6492,Europe and Central Asia,12634.3,0.00056009,0.000696372,0.828
1992,Cuba,31,14,6,11,176,90,0,CUB,10783700,0.650644,2120,22085900000,-11.5806,Latin America and Caribbean,2048.07,0.001982691,0.000879878,0.663
1996,Cuba,25,9,8,8,164,84,0,CUB,10963000,0.331918,2700,25017400000,7.83875,Latin America and Caribbean,2281.98,0.001897016,0.000793769,0.665
2000,Cuba,29,11,11,7,229,135,0,CUB,11105800,0.321945,2620,30565400000,5.91476,Latin America and Caribbean,2752.2,0.001817512,0.000913162,0.686
2004,Cuba,27,9,7,11,151,108,0,CUB,11225300,0.232576,3500,38203000000,5.77054,Latin America and Caribbean,3403.3,0.001744078,0.0008735,0.718
2008,Cuba,24,2,11,11,158,102,0,CUB,11276600,0.0596279,5040,56302100000,4.11683,Latin America and Caribbean,4992.82,0.001666688,0.000884924,0.78
2012,Cuba,14,5,3,6,109,86,0,CUB,11309300,0.0935952,6080,73141000000,3.0149,Latin America and Caribbean,6467.34,0.001591758,0.000974445,0.767
2016,Cuba,11,5,2,4,117,99,0,CUB,11342000,0.0186757,7480,91370400000,0.512843,Latin America and Caribbean,8055.93,0.001521806,0.001206442,0.774
2012,Cyprus,1,0,1,0,13,12,0,CYP,1156560,0.996688,29760,25047400000,-3.44738,Europe and Central Asia,28991.9,0.000162783,0.000333703,0.852
1996,Czech Republic,11,4,3,4,115,110,0,CZE,10315200,-0.116381,5980,67387800000,4.26542,Europe and Central Asia,6532.84,0.001784924,0.002138129,0.782
2000,Czech Republic,8,2,3,3,119,96,0,CZE,10255100,-0.280414,6340,61828200000,4.00103,Europe and Central Asia,6029.04,0.001678286,0.001847159,0.808
2004,Czech Republic,9,1,3,5,142,104,0,CZE,10197100,0.0304348,10260,1.19814E+11,4.81426,Europe and Central Asia,11749.9,0.001584328,0.002739519,0.836
2008,Czech Republic,6,3,3,0,134,105,0,CZE,10384600,0.829413,18510,2.36816E+11,2.68641,Europe and Central Asia,22804.6,0.001534849,0.003722142,0.863
2012,Czech Republic,10,4,3,3,133,99,0,CZE,10510800,0.139926,19440,2.08858E+11,-0.785004,Europe and Central Asia,19870.8,0.00147937,0.002782575,0.874
2016,Czech Republic,10,1,2,7,104,92,0,CZE,10566300,0.192048,17670,1.96272E+11,2.53728,Europe and Central Asia,18575.2,0.00141773,0.002591548,0.895
1992,Denmark,6,1,1,4,110,67,0,DEN,5171370,0.330671,28700,1.52916E+11,1.95701,Europe and Central Asia,29569.7,0.000950804,0.006092004,0.809
1996,Denmark,6,4,1,1,119,66,0,DEN,5263070,0.565926,34770,1.87632E+11,2.9001,Europe and Central Asia,35650.7,0.000910709,0.005953335,0.837
2000,Denmark,6,2,3,1,97,55,0,DEN,5339620,0.334234,32580,1.64159E+11,3.74686,Europe and Central Asia,30743.5,0.000873852,0.004904356,0.863
2004,Denmark,8,2,1,5,92,59,0,DEN,5404520,0.258432,42640,2.51373E+11,2.66822,Europe and Central Asia,46511.6,0.000839703,0.005747564,0.898
2008,Denmark,7,2,2,3,84,62,0,DEN,5493620,0.587548,60390,3.53361E+11,-0.512017,Europe and Central Asia,64322.1,0.00081196,0.005553921,0.909
2012,Denmark,9,2,4,3,114,69,0,DEN,5591570,0.376272,61650,3.27149E+11,0.2265,Europe and Central Asia,58507.5,0.000787002,0.004358548,0.924
2016,Denmark,15,2,6,7,119,67,0,DEN,5728010,0.780393,58040,3.13116E+11,3.24596,Europe and Central Asia,54664,0.000768551,0.004134338,0.928
2004,Dominican Republic,1,1,0,0,33,22,0,DOM,9043130,1.37257,2540,22322400000,2.57013,Latin America and Caribbean,2468.44,0.001405034,0.000510394,0.668
2008,Dominican Republic,2,1,1,0,24,21,0,DOM,9522950,1.27601,4730,48122600000,3.2095,Latin America and Caribbean,5053.33,0.001407496,0.000756363,0.695
2012,Dominican Republic,2,1,1,0,33,21,0,DOM,10030900,1.27564,5730,60681500000,2.71737,Latin America and Caribbean,6049.47,0.001411825,0.000808449,0.71
2016,Dominican Republic,1,0,0,1,26,22,0,DOM,10527600,1.16332,6780,75704600000,6.6592,Latin America and Caribbean,7191.07,0.001412532,0.000999593,0.733
1996,Ecuador,1,1,0,0,19,18,0,ECU,11775200,1.8301,2070,25226400000,1.73175,Latin America and Caribbean,2142.33,0.002037555,0.000800401,0.664
2008,Ecuador,1,0,1,0,25,23,0,ECU,14496800,1.70421,3790,61139400000,6.56492,Latin America and Caribbean,4217.44,0.002142634,0.000960954,0.711
2004,Egypt,5,1,1,3,96,48,0,EGY,77522400,2.03167,1150,78782500000,4.09207,Middle East and North Africa,1016.25,0.01204469,0.001801336,0.628
2008,Egypt,1,0,0,1,100,68,0,EGY,83844800,1.95838,1750,1.62818E+11,7.15628,Middle East and North Africa,1941.9,0.012392301,0.00255908,0.658
2012,Egypt,2,0,2,0,109,87,0,EGY,91240400,2.26159,2690,2.79117E+11,2.2262,Middle East and North Africa,3059.14,0.012841887,0.003718622,0.675
2016,Egypt,3,0,0,3,121,87,0,EGY,99784000,2.0863,3260,3.32442E+11,4.34664,Middle East and North Africa,3331.61,0.013388447,0.004389512,0.694
2004,Eritrea,1,0,0,1,4,3,0,ERI,2763140,4.05296,330,1109050000,1.45174,Sub-Saharan Africa,401.375,0.00042931,2.53582E-05,0.418
2000,Estonia,3,1,0,2,33,29,0,EST,1396990,0.483707,4170,5686580000,10.0876,Europe and Central Asia,4070.61,0.000228623,0.00016989,0.78
2004,Estonia,3,0,1,2,42,34,0,EST,1362550,-0.597821,7500,12145900000,6.80401,Europe and Central Asia,8914.1,0.0002117,0.000277712,0.814
2008,Estonia,2,1,1,0,47,42,0,EST,1337090,-0.268134,15190,24341700000,-5.132,Europe and Central Asia,18205,0.000197623,0.000382588,0.841
2012,Estonia,2,0,1,1,32,30,0,EST,1322700,-0.357944,16760,23019200000,3.2282,Europe and Central Asia,17403.2,0.000186167,0.00030668,0.859
2016,Estonia,1,0,0,1,46,31,0,EST,1315790,0.0291122,18290,24072800000,3.15556,Europe and Central Asia,18295.3,0.000176545,0.000317854,0.868
1992,Ethiopia,3,1,0,2,20,11,0,ETH,52011600,4.06951,230,10754800000,-8.67248,Sub-Saharan Africa,206.777,0.009562802,0.00042846,0.379
1996,Ethiopia,3,2,0,1,18,10,0,ETH,59347600,3.20357,150,8761220000,12.4262,Sub-Saharan Africa,147.625,0.010269371,0.000277982,0.406
2000,Ethiopia,8,4,1,3,26,11,0,ETH,67031900,2.95881,130,8242350000,6.07322,Sub-Saharan Africa,122.962,0.01097006,0.000246246,0.283
2004,Ethiopia,7,2,3,2,26,12,0,ETH,75301000,2.87241,130,10131200000,13.5726,Sub-Saharan Africa,134.542,0.01169955,0.000231646,0.325
2008,Ethiopia,7,4,1,2,27,10,0,ETH,84357100,2.83863,270,27066900000,10.7885,Sub-Saharan Africa,320.861,0.012468022,0.000425422,0.394
2012,Ethiopia,7,3,1,3,33,14,0,ETH,94451300,2.82766,400,43310700000,8.64781,Sub-Saharan Africa,458.551,0.013293815,0.000577021,0.43
2016,Ethiopia,8,1,2,5,37,16,0,ETH,105293000,2.71605,650,74296700000,9.43348,Sub-Saharan Africa,705.618,0.014127639,0.000981004,0.457
2016,Fiji,1,1,0,0,53,14,0,FIJ,918371,0.12759,5010,4930210000,2.44565,East Asia and Pacific,5368.43,0.000123222,6.50978E-05,0.738
1992,Finland,5,1,2,2,88,85,0,FIN,5041990,0.56191,24170,1.12533E+11,-3.29466,Europe and Central Asia,22319.1,0.000927017,0.004483181,0.795
1996,Finland,4,1,2,1,76,74,0,FIN,5124570,0.328038,24970,1.32129E+11,3.66718,Europe and Central Asia,25783.5,0.000886744,0.00419229,0.823
2000,Finland,4,2,1,1,70,64,0,FIN,5176210,0.207607,26480,1.2602E+11,5.77336,Europe and Central Asia,24345.9,0.000847109,0.003764921,0.858
2004,Finland,2,0,2,0,53,53,0,FIN,5228170,0.29035,35380,1.97479E+11,3.99209,Europe and Central Asia,37772.2,0.000812303,0.004515305,0.891
2008,Finland,4,1,1,2,57,55,0,FIN,5313400,0.465549,50160,2.85716E+11,0.783995,Europe and Central Asia,53772.8,0.000785323,0.004490721,0.904
2012,Finland,3,0,1,2,56,61,0,FIN,5413970,0.475809,48970,2.5829E+11,-1.39755,Europe and Central Asia,47708.1,0.000762005,0.003441153,0.908
2016,Finland,1,0,0,1,54,55,0,FIN,5495300,0.287421,45530,2.40771E+11,2.81146,Europe and Central Asia,43814,0.000737328,0.00317911,0.918
1992,France,29,8,5,16,339,196,0,FRA,58849900,0.498037,23840,1.40147E+12,1.59934,Europe and Central Asia,23814.2,0.010820103,0.055832976,0.798
1996,France,37,15,7,15,299,183,0,FRA,59756500,0.356872,27110,1.60568E+12,1.41299,Europe and Central Asia,26870.3,0.010340124,0.050946021,0.83
2000,France,38,13,14,11,336,196,0,FRA,60921400,0.686783,24990,1.36564E+12,3.92367,Europe and Central Asia,22416.4,0.009970053,0.040799428,0.849
2004,France,33,11,9,13,308,193,0,FRA,62716300,0.735098,31450,2.11963E+12,2.82975,Europe and Central Asia,33797.2,0.009744257,0.048464745,0.86
2008,France,41,7,16,18,309,205,0,FRA,64379700,0.557564,43540,2.9303E+12,0.254946,Europe and Central Asia,45516,0.009515351,0.04605679,0.878
2012,France,35,11,11,13,324,188,0,FRA,65662200,0.483953,43410,2.68367E+12,0.313135,Europe and Central Asia,40870.9,0.00924182,0.035754085,0.886
2016,France,42,10,18,14,392,202,0,FRA,66724100,0.263869,39100,2.47296E+12,1.09546,Europe and Central Asia,37062.5,0.008952656,0.032652664,0.899
2012,Gabon,1,0,1,0,21,7,0,GAB,1836710,3.55822,8660,17170500000,5.25108,Sub-Saharan Africa,9348.51,0.000258512,0.000228759,0.678
1996,Georgia,2,0,0,2,34,39,0,GEO,4491700,-3.62955,670,3095050000,11.2025,Europe and Central Asia,689.059,0.000777233,9.82019E-05,0.683
2000,Georgia,6,0,0,6,36,41,0,GEO,4077130,-1.94463,790,3057480000,1.84038,Europe and Central Asia,749.909,0.00066724,9.13442E-05,0.673
2004,Georgia,4,2,2,0,32,38,0,GEO,3927340,-0.619262,1210,5125370000,5.79268,Europe and Central Asia,1305.05,0.000610192,0.00011719,0.701
2008,Georgia,6,3,0,3,35,35,0,GEO,3848450,-0.303791,2820,12795100000,2.42161,Europe and Central Asia,3324.75,0.000568803,0.000201107,0.728
2012,Georgia,7,1,3,3,34,35,0,GEO,3728870,-0.736566,4250,16894400000,6.57883,Europe and Central Asia,4530.7,0.000524831,0.000225081,0.75
2016,Georgia,7,2,1,4,40,40,0,GEO,3727510,0.0598166,4180,15444500000,3.45022,Europe and Central Asia,4143.4,0.000500135,0.000203928,0.776
1992,Germany,82,33,21,28,463,237,0,GER,80624600,0.760347,25810,2.13157E+12,1.92308,Europe and Central Asia,26438.2,0.014823574,0.084919646,0.814
1996,Germany,65,20,18,27,464,234,0,GER,81914800,0.289475,30860,2.49724E+12,0.805823,Europe and Central Asia,30485.9,0.014174341,0.079234383,0.839
2000,Germany,56,13,17,26,422,234,0,GER,82211500,0.135432,26180,1.94798E+12,2.9125,Europe and Central Asia,23694.8,0.013454275,0.058197307,0.868
2004,Germany,49,13,16,20,441,228,0,GER,82516300,-0.0217097,31670,2.81435E+12,1.17509,Europe and Central Asia,34106.7,0.012820584,0.064349314,0.897
2008,Germany,41,16,10,15,420,207,0,GER,82110100,-0.190143,43650,3.74526E+12,0.959879,Europe and Central Asia,45612.7,0.012135913,0.058865856,0.917
2012,Germany,44,11,19,14,383,213,0,GER,80425800,0.187728,46560,3.52714E+12,0.418498,Europe and Central Asia,43855.9,0.011319762,0.046991507,0.928
2016,Germany,42,17,10,15,418,217,0,GER,82348700,0.807219,44280,3.46985E+12,2.23,Europe and Central Asia,42136.1,0.01104907,0.045815444,0.934
1992,Ghana,1,0,0,1,34,13,0,GHA,16241500,2.48152,420,6416100000,3.87942,Sub-Saharan Africa,395.043,0.002986158,0.000255611,0.464
1992,Greece,2,2,0,0,70,53,0,GRE,10399100,0.763883,11200,1.16225E+11,0.7,Europe and Central Asia,11176.5,0.001911963,0.004630273,0.764
1996,Greece,8,4,4,0,121,94,0,GRE,10608800,0.440671,13430,1.45862E+11,2.86213,Europe and Central Asia,13749.1,0.001835721,0.004628003,0.772
2000,Greece,13,4,6,3,140,114,0,GRE,10805800,0.409042,13350,1.30458E+11,3.91977,Europe and Central Asia,12072.9,0.001768418,0.003897516,0.796
2004,Greece,16,6,6,4,426,215,1,GRE,10955100,0.247414,19640,2.40964E+11,5.06099,Europe and Central Asia,21995.5,0.001702105,0.005509556,0.835
2008,Greece,4,0,2,2,152,105,0,GRE,11077800,0.265458,28710,3.55909E+11,-0.335173,Europe and Central Asia,32128,0.00163731,0.005593963,0.857
2012,Greece,2,0,0,2,102,76,0,GRE,11045000,-0.540753,23180,2.42029E+11,-7.0867,Europe and Central Asia,21913,0.001554562,0.003224514,0.854
2016,Greece,6,3,1,2,92,65,0,GRE,10776000,-0.415913,18640,1.93148E+11,-0.487173,Europe and Central Asia,17924,0.001445858,0.0025503,0.868
2012,Grenada,1,1,0,0,8,8,0,GRD,115912,0.861245,6520,799881000,-1.15484,Latin America and Caribbean,6900.77,1.63144E-05,1.06567E-05,0.749
2016,Grenada,1,0,1,0,6,4,0,GRD,119966,0.825296,7680,1061640000,3.7396,Latin America and Caribbean,8849.51,1.60963E-05,1.40178E-05,0.77
2012,Guatemala,1,0,1,0,19,21,0,GUA,14781900,1.7775,3160,49593900000,2.97471,Latin America and Caribbean,3355.03,0.002080527,0.000660731,0.613
1996,Hong Kong,1,1,0,0,23,25,0,HKG,6435500,4.43861,24140,1.59718E+11,4.25857,East Asia and Pacific,24818.3,0.001113583,0.005067654,0.811
2004,Hong Kong,1,0,1,0,32,29,0,HKG,6783500,0.779919,28120,1.691E+11,8.7001,East Asia and Pacific,24928.1,0.001053955,0.003866413,0.862
2012,Hong Kong,1,0,0,1,41,44,0,HKG,7150100,1.10396,36340,2.62629E+11,1.70031,East Asia and Pacific,36730.8,0.001006361,0.003498958,0.911
1992,Hungary,30,11,12,7,215,156,0,HUN,10369300,-0.0391366,3310,38730600000,-3.06418,Europe and Central Asia,3735.11,0.001906499,0.001542987,0.71
1996,Hungary,21,7,4,10,212,145,0,HUN,10311200,-0.171772,4370,46658800000,0.0824133,Europe and Central Asia,4525.04,0.001784231,0.001480423,0.746
2000,Hungary,17,8,6,3,178,137,0,HUN,10211000,-0.259765,4620,47218400000,4.47919,Europe and Central Asia,4624.28,0.00167107,0.001410682,0.769
2004,Hungary,17,8,6,3,208,138,0,HUN,10107100,-0.221439,8650,1.04121E+11,5.00462,Europe and Central Asia,10301.7,0.001570351,0.00238069,0.795
2008,Hungary,10,3,5,2,170,126,0,HUN,10038200,-0.175097,13250,1.58326E+11,1.00394,Europe and Central Asia,15772.3,0.001483649,0.002488469,0.818
2012,Hungary,18,8,4,6,151,111,0,HUN,9920360,-0.516438,13080,1.28814E+11,-1.25023,Europe and Central Asia,12984.8,0.00139627,0.00171617,0.83
2016,Hungary,15,8,3,4,153,113,0,HUN,9814020,-0.295111,13100,1.2861E+11,2.201,Europe and Central Asia,13104.7,0.001316789,0.001698146,0.835
2000,Iceland,1,0,0,1,18,28,0,ISL,281205,1.36919,31730,9025660000,4.98504,Europe and Central Asia,32096.4,4.60204E-05,0.000269648,0.86
2008,Iceland,1,0,1,0,27,18,0,ISL,317414,1.85957,52430,18074600000,2.2095,Europe and Central Asia,56943.4,4.69139E-05,0.000284086,0.89
1996,India,1,0,0,1,49,31,0,IND,983281000,1.95144,400,3.92897E+11,7.54952,South Asia,399.577,0.170144567,0.012466116,0.467
2000,India,1,0,0,1,65,38,0,IND,1059630000,1.82218,440,4.68396E+11,3.84099,South Asia,442.035,0.173413715,0.01399364,0.493
2004,India,1,0,1,0,73,43,0,IND,1136260000,1.67281,600,7.09153E+11,7.92294,South Asia,624.109,0.176541876,0.016214554,0.526
2008,India,3,1,0,2,53,48,0,IND,1206730000,1.42239,990,1.1989E+12,3.0867,South Asia,993.503,0.178356004,0.018843528,0.564
2012,India,6,0,2,4,81,55,0,IND,1274490000,1.33219,1470,1.82764E+12,5.45639,South Asia,1434.02,0.179381346,0.024349293,0.6
2016,India,2,0,1,1,112,67,0,IND,1338640000,1.18505,1680,2.2948E+12,8.25631,South Asia,1714.28,0.17961052,0.030300167,0.636
1992,Indonesia,5,2,2,1,42,31,0,INA,188558000,1.71014,660,1.28027E+11,6.49751,East Asia and Pacific,678.978,0.034668198,0.005100464,0.539
1996,Indonesia,4,1,1,2,40,23,0,INA,201374000,1.61882,1080,2.2737E+11,7.81819,East Asia and Pacific,1129.09,0.034845226,0.00721415,0.577
2000,Indonesia,6,1,3,2,47,32,0,INA,214072000,1.44709,570,1.65021E+11,4.92007,East Asia and Pacific,770.865,0.035033894,0.004930117,0.606
2004,Indonesia,4,1,1,2,38,27,0,INA,225939000,1.27323,1070,2.56837E+11,5.03087,East Asia and Pacific,1136.76,0.035104169,0.005872494,0.629
2008,Indonesia,5,1,1,3,24,17,0,INA,237937000,1.30217,1920,5.10229E+11,6.0137,East Asia and Pacific,2144.39,0.035167139,0.008019473,0.646
2012,Indonesia,2,0,1,1,22,16,0,INA,250223000,1.25594,3550,9.1787E+11,6.03005,East Asia and Pacific,3668.21,0.035218308,0.012228619,0.675
2016,Indonesia,3,1,2,0,28,20,0,INA,261850000,1.05894,3400,9.31877E+11,5.03307,East Asia and Pacific,3558.82,0.03513355,0.012304374,0.691
1996,Iran,3,1,1,1,18,18,0,IRN,61598400,1.31311,1630,1.20404E+11,6.35053,Middle East and North Africa,1954.66,0.010658832,0.003820263,0.647
2000,Iran,4,3,0,1,33,33,0,IRN,65544400,1.64539,1770,1.09592E+11,5.84553,Middle East and North Africa,1672.02,0.010726627,0.003274128,0.67
2004,Iran,6,2,2,2,37,35,0,IRN,69061700,1.61586,2510,1.90043E+11,4.33667,Middle East and North Africa,2751.79,0.01073014,0.004345283,0.691
2008,Iran,2,1,0,1,54,40,0,IRN,73318400,1.37189,4890,4.12336E+11,0.250857,Middle East and North Africa,5623.91,0.010836495,0.006480857,0.741
2012,Iran,12,4,5,3,52,51,0,IRN,77324500,1.27743,7490,6.44036E+11,-3.74717,Middle East and North Africa,8329,0.010883251,0.008580372,0.781
2016,Iran,8,3,1,4,63,46,0,IRN,83306200,1.83581,5470,4.57955E+11,8.81509,Middle East and North Africa,5497.24,0.011177551,0.006046767,0.796
1992,Ireland,2,1,1,0,58,47,0,IRL,3558430,0.682257,14440,55918500000,3.34327,Europe and Central Asia,15714.4,0.00065425,0.002227738,0.773
1996,Ireland,4,3,0,1,78,70,0,IRL,3637510,0.791271,18880,75790800000,7.37963,Europe and Central Asia,20835.9,0.000629426,0.002404745,0.801
2000,Ireland,1,0,1,0,64,52,0,IRL,3805170,1.33304,24130,1.00208E+11,9.40352,Europe and Central Asia,26334.6,0.000622733,0.002993772,0.857
2008,Ireland,3,0,1,2,55,43,0,IRL,4489540,2.03871,50940,2.75447E+11,-4.48407,Europe and Central Asia,61353.1,0.000663557,0.004329321,0.908
2012,Ireland,5,1,1,3,64,54,0,IRL,4599530,0.423744,40820,2.25119E+11,-0.129692,Europe and Central Asia,48943.8,0.000647374,0.002999217,0.902
2016,Ireland,2,0,2,0,76,57,0,IRL,4755340,1.12883,51740,2.98559E+11,1.76556,Europe and Central Asia,62784.1,0.000638043,0.003942133,0.934
1992,Israel,2,0,1,1,30,42,0,ISR,5123000,3.45547,15110,79002400000,7.75927,Middle East and North Africa,15421.1,0.000941911,0.003147376,0.807
1996,Israel,1,0,0,1,25,26,0,ISR,5692000,2.61651,19270,1.14506E+11,5.92829,Middle East and North Africa,20117,0.00098493,0.003633125,0.828
2000,Israel,1,0,0,1,39,43,0,ISR,6289000,2.64233,19990,1.36036E+11,8.67166,Middle East and North Africa,21630.7,0.001029223,0.004064163,0.853
2004,Israel,2,1,0,1,36,41,0,ISR,6809000,1.76762,20670,1.39973E+11,4.78447,Middle East and North Africa,20557.1,0.001057917,0.003200442,0.868
2008,Israel,1,0,0,1,43,47,0,ISR,7308800,1.77658,26900,2.20531E+11,3.25116,Middle East and North Africa,30173.4,0.001080244,0.003466177,0.88
2016,Israel,2,0,0,2,47,45,0,ISR,8546000,1.96035,36840,3.22103E+11,4.52168,Middle East and North Africa,37690.5,0.001146653,0.004252999,0.902
1992,Italy,19,6,5,8,304,169,0,ITA,56797100,0.0679244,22960,1.32016E+12,0.834275,Europe and Central Asia,23243.5,0.010442667,0.052593896,0.78
1996,Italy,35,13,10,12,340,172,0,ITA,56860300,0.0281044,21830,1.31243E+12,1.26678,Europe and Central Asia,23081.6,0.009838963,0.041641618,0.806
2000,Italy,34,13,8,13,361,175,0,ITA,56942100,0.0453036,21910,1.14668E+12,3.78696,Europe and Central Asia,20137.6,0.009318827,0.034257764,0.83
2004,Italy,32,10,11,11,364,175,0,ITA,57685300,0.647183,28360,1.80654E+12,1.42359,Europe and Central Asia,31317.2,0.008962592,0.041306036,0.852
2008,Italy,27,8,9,10,333,190,0,ITA,58826700,0.662469,37980,2.40866E+12,-0.962013,Europe and Central Asia,40944.9,0.00869462,0.037857827,0.868
2012,Italy,28,8,9,11,281,169,0,ITA,59539700,0.269541,36220,2.08696E+12,-2.98091,Europe and Central Asia,35051.5,0.008380088,0.027804169,0.874
2016,Italy,28,8,12,8,309,171,0,ITA,60627500,-0.169884,31970,1.87707E+12,1.29346,Europe and Central Asia,30960.7,0.008134649,0.024784584,0.878
1992,Jamaica,4,0,3,1,36,23,0,JAM,2434570,0.937066,1630,3535460000,1.95554,Latin America and Caribbean,1452.19,0.000447619,0.000140849,0.645
1996,Jamaica,6,1,3,2,46,29,0,JAM,2532890,0.933,2550,7393890000,-0.113731,Latin America and Caribbean,2919.15,0.000438286,0.000234599,0.66
2000,Jamaica,9,0,6,3,48,28,0,JAM,2612210,0.611851,3290,9005060000,0.878704,Latin America and Caribbean,3447.3,0.000427499,0.000269033,0.662
2004,Jamaica,5,2,1,2,47,27,0,JAM,2664020,0.489065,3740,10174700000,1.32373,Latin America and Caribbean,3819.28,0.00041391,0.000232641,0.691
2008,Jamaica,9,5,2,2,50,29,0,JAM,2711370,0.375126,4680,13709400000,-0.811737,Latin America and Caribbean,5056.26,0.000400742,0.000215476,0.708
2012,Jamaica,12,4,4,4,45,25,0,JAM,2759820,0.495752,5130,14807100000,-0.613636,Latin America and Caribbean,5365.24,0.000388438,0.000197272,0.721
2016,Jamaica,11,6,3,2,56,32,0,JAM,2802700,0.294794,4770,14077100000,1.37522,Latin America and Caribbean,5022.7,0.000376049,0.000185872,0.732
1992,Japan,22,3,8,11,256,166,0,JPN,124425000,0.371192,31030,3.9807E+12,0.900586,East Asia and Pacific,31992.8,0.02287668,0.158587152,0.824
1996,Japan,14,3,6,5,306,168,0,JPN,125757000,0.226885,43940,4.92339E+12,3.13387,East Asia and Pacific,39150,0.021760682,0.156212928,0.845
2000,Japan,18,5,8,5,266,156,0,JPN,126843000,0.167276,36810,4.96836E+12,2.76465,East Asia and Pacific,39169.4,0.020758415,0.148433159,0.855
2004,Japan,37,16,9,12,305,169,0,JPN,127761000,0.0336623,39000,4.89312E+12,2.18612,East Asia and Pacific,38299,0.019850277,0.111879555,0.869
2008,Japan,25,9,7,9,332,176,0,JPN,128063000,0.0484254,39380,5.10668E+12,-1.22429,East Asia and Pacific,39876.3,0.018927775,0.080263776,0.881
2012,Japan,38,7,14,17,291,178,0,JPN,127629000,-0.159711,50060,6.27236E+12,1.37475,East Asia and Pacific,49145.3,0.017963508,0.083565586,0.895
2016,Japan,41,12,8,21,335,186,0,JPN,127076000,-0.0511374,38460,5.00368E+12,0.753827,East Asia and Pacific,39375.5,0.017050326,0.066067837,0.907
2016,Jordan,1,1,0,0,8,8,0,JOR,9964660,4.83585,3830,39892600000,1.99418,Middle East and North Africa,4003.4,0.001337,0.000526735,0.735
1996,Kazakhstan,11,3,4,4,96,99,0,KAZ,15578200,-1.51632,1340,21035400000,0.5,Europe and Central Asia,1350.31,0.002695618,0.000667425,0.666
2000,Kazakhstan,7,3,4,0,130,104,0,KAZ,14883600,-0.300201,1270,18292000000,9.8,Europe and Central Asia,1229,0.002435771,0.000546486,0.685
2004,Kazakhstan,8,1,4,3,114,95,0,KAZ,15013000,0.694909,2300,43151600000,9.6,Europe and Central Asia,2874.29,0.002332573,0.000986649,0.737
2008,Kazakhstan,13,2,4,7,130,106,0,KAZ,15776900,1.87296,6110,1.33442E+11,3.3,Europe and Central Asia,8458.02,0.002331839,0.002097357,0.759
2012,Kazakhstan,13,7,1,5,113,106,0,KAZ,16792100,1.40868,9940,2.07999E+11,4.8,Europe and Central Asia,12386.7,0.002363451,0.002771128,0.781
2016,Kazakhstan,18,3,5,10,101,98,0,KAZ,17794100,1.42205,8770,1.37278E+11,1.1,Europe and Central Asia,7714.84,0.002387504,0.001812603,0.797
1992,Kenya,8,2,4,2,49,29,0,KEN,24655700,3.03679,340,8209120000,-0.799494,Sub-Saharan Africa,332.95,0.004533181,0.000327043,0.463
1996,Kenya,8,1,4,3,52,27,0,KEN,27615700,2.70647,350,12045900000,4.14684,Sub-Saharan Africa,436.196,0.004778559,0.0003822,0.455
2000,Kenya,7,2,3,2,56,24,0,KEN,30851600,2.91545,430,12705400000,0.599695,Sub-Saharan Africa,411.821,0.005049001,0.000379581,0.451
2004,Kenya,7,1,4,2,46,16,0,KEN,34791800,2.98952,460,16095300000,5.1043,Sub-Saharan Africa,462.618,0.005405621,0.000368015,0.48
2008,Kenya,15,6,4,5,46,24,0,KEN,39186900,2.97885,830,35895200000,0.232283,Sub-Saharan Africa,915.999,0.005791843,0.000564179,0.523
2012,Kenya,11,2,4,5,47,23,0,KEN,43725800,2.52596,1060,56396700000,4.56868,Sub-Saharan Africa,1289.78,0.006154314,0.000751363,0.559
2016,Kenya,13,6,6,1,79,29,0,KEN,47894700,2.20215,1500,74815100000,4.21352,Sub-Saharan Africa,1562.08,0.006426231,0.000987848,0.585
2016,Kosovo,1,1,0,0,8,8,0,KOS,1777560,-0.596734,3930,6682680000,5.57178,Europe and Central Asia,3759.47,0.000238502,8.82371E-05,0.782
2000,Kuwait,1,0,0,1,29,10,0,KUW,1934900,3.01539,19000,37718700000,4.69458,Middle East and North Africa,19493.9,0.000316655,0.001126874,0.786
2012,Kuwait,1,0,0,1,10,11,0,KUW,3394660,7.67643,49020,1.74048E+11,6.62625,Middle East and North Africa,51271,0.000477792,0.002318807,0.796
2000,Kyrgyzstan,1,0,0,1,48,59,0,KGZ,4898400,1.19113,280,1369690000,5.44334,Europe and Central Asia,279.62,0.000801645,4.09204E-05,0.594
2008,Kyrgyzstan,2,0,1,1,20,22,0,KGZ,5318700,0.95022,760,5139960000,8.40162,Europe and Central Asia,966.394,0.000786107,8.07868E-05,0.631
1996,Latvia,1,0,1,0,47,47,0,LVA,2457220,-1.12638,0,5975250000,2.58802,Europe and Central Asia,2431.71,0.000425192,0.000189587,0.68
2000,Latvia,3,1,1,1,45,47,0,LVA,2367550,-0.963935,3320,7958850000,5.67574,Europe and Central Asia,3361.64,0.00038746,0.000237776,0.728
2004,Latvia,4,0,4,0,32,37,0,LVA,2263120,-1.09131,5830,14435700000,8.28415,Europe and Central Asia,6378.67,0.000351622,0.000330068,0.788
2008,Latvia,3,1,1,1,47,33,0,LVA,2177320,-1.05094,13520,35854300000,-3.24912,Europe and Central Asia,16467.1,0.000321809,0.000563536,0.821
2012,Latvia,2,1,0,1,45,38,0,LVA,2034320,-1.24036,13800,28169900000,7.04225,Europe and Central Asia,13847.3,0.000286326,0.000375303,0.824
1996,Lithuania,1,0,0,1,61,49,0,LTU,3601610,-0.760343,3790,8382520000,5.15846,Europe and Central Asia,2327.43,0.000623214,0.000265967,0.712
2000,Lithuania,5,2,0,3,61,50,0,LTU,3499540,-0.703385,3210,11524800000,3.69553,Europe and Central Asia,3293.23,0.000572714,0.000344311,0.756
2004,Lithuania,3,1,2,0,59,44,0,LTU,3377080,-1.12299,6010,22627500000,6.56949,Europe and Central Asia,6700.33,0.000524697,0.000517371,0.798
2008,Lithuania,5,0,2,3,71,54,0,LTU,3198230,-1.02848,12680,47797600000,2.61442,Europe and Central Asia,14945,0.0004727,0.000751254,0.831
2012,Lithuania,5,2,1,2,62,54,0,LTU,2987770,-1.3412,14100,42927500000,3.84386,Europe and Central Asia,14367.7,0.000420523,0.000571915,0.831
2016,Lithuania,4,0,1,3,67,49,0,LTU,2868230,-1.27069,14890,43047300000,2.51883,Europe and Central Asia,15008.3,0.000384843,0.00056839,0.855
1992,Malaysia,1,0,0,1,26,11,0,MAS,18526700,2.78719,2950,59167600000,8.88512,East Asia and Pacific,3193.64,0.003406306,0.002357175,0.66
1996,Malaysia,2,0,1,1,35,21,0,MAS,20689100,2.70513,4570,1.00855E+11,10.0027,East Asia and Pacific,4874.82,0.003579983,0.003200013,0.695
2008,Malaysia,1,0,1,0,32,29,0,MAS,27664300,2.08819,7400,2.30812E+11,4.83177,East Asia and Pacific,8343.3,0.004088797,0.003627761,0.761
2012,Malaysia,2,0,1,1,29,25,0,MAS,29660200,1.61813,9980,3.14443E+11,5.47345,East Asia and Pacific,10601.5,0.004174611,0.004189269,0.781
2016,Malaysia,5,0,4,1,32,29,0,MAS,31526400,1.46207,9880,3.01256E+11,4.44978,East Asia and Pacific,9555.67,0.004230033,0.003977741,0.799
2008,Mauritius,1,0,0,1,11,11,0,MRI,1244120,0.361631,7480,9990360000,5.38696,Sub-Saharan Africa,8030.05,0.000183882,0.000157023,0.734
1992,Mexico,1,0,1,0,102,71,0,MEX,84993200,1.95031,3860,3.63158E+11,3.56861,Latin America and Caribbean,4272.79,0.015626775,0.014467838,0.658
1996,Mexico,1,0,0,1,98,57,0,MEX,91586600,1.7813,4950,4.32158E+11,6.2183,Latin America and Caribbean,4718.57,0.015847913,0.01371182,0.677
2000,Mexico,6,1,2,3,78,67,0,MEX,97873400,1.58455,6620,7.42061E+11,5.02928,Latin America and Caribbean,7581.85,0.01601742,0.022169595,0.702
2004,Mexico,4,0,3,1,109,68,0,MEX,103946000,1.46965,8280,8.19459E+11,3.56544,Latin America and Caribbean,7883.52,0.016150102,0.018736677,0.724
2008,Mexico,3,2,0,1,83,73,0,MEX,109684000,1.26754,10330,1.16155E+12,0.943332,Latin America and Caribbean,10590,0.016211422,0.018256613,0.742
2012,Mexico,7,1,3,3,99,75,0,MEX,115756000,1.39662,10590,1.25511E+12,3.55321,Latin America and Caribbean,10842.7,0.016292396,0.016721615,0.757
2016,Mexico,5,0,3,2,123,80,0,MEX,121519000,1.13323,9800,1.11223E+12,1.77249,Latin America and Caribbean,9152.74,0.01630475,0.014685771,0.772
1996,Moldova,2,0,1,1,40,41,0,MDA,2947290,-0.200221,600,1695120000,-5.87706,Europe and Central Asia,575.145,0.000509992,5.37841E-05,0.591
2000,Moldova,2,0,1,1,34,34,0,MDA,2924670,-0.203372,490,1288430000,2.10772,Europe and Central Asia,440.539,0.000478635,3.84927E-05,0.597
2008,Moldova,1,0,0,1,29,28,0,MDA,2868830,-0.190349,1870,6054820000,7.8,Europe and Central Asia,2110.55,0.000424015,9.51662E-05,0.666
2012,Moldova,2,0,0,2,20,19,0,MDA,2860320,-0.0131095,3140,8709140000,-0.589734,Europe and Central Asia,3044.81,0.000402584,0.00011603,0.684
1992,Mongolia,2,0,0,2,33,31,0,MGL,2236490,1.64171,810,1317610000,-9.25647,East Asia and Pacific,589.142,0.0004112,5.24923E-05,0.561
1996,Mongolia,1,0,0,1,16,16,0,MGL,2357030,1.1392,540,1345720000,2.23509,East Asia and Pacific,570.938,0.000407855,0.000042698,0.561
2004,Mongolia,1,0,0,1,20,21,0,MGL,2537950,0.850551,750,1992070000,10.6254,East Asia and Pacific,784.912,0.000394322,0.000045548,0.637
2008,Mongolia,4,2,2,0,28,29,0,MGL,2633890,1.07812,1800,5623220000,8.90037,East Asia and Pacific,2134.95,0.00038929,8.83824E-05,0.683
2012,Mongolia,5,0,2,3,29,32,0,MGL,2792350,1.74891,3690,12292800000,12.3198,East Asia and Pacific,4402.3,0.000393017,0.000163774,0.72
2016,Mongolia,2,0,1,1,43,41,0,MGL,3029560,2.16234,3520,11181400000,1.48978,East Asia and Pacific,3690.76,0.000406488,0.000147637,0.743
2012,Montenegro,1,0,1,0,33,9,0,MNE,620601,0.0841474,7000,4087530000,-2.72379,Europe and Central Asia,6586.4,8.73483E-05,5.44574E-05,0.8
1992,Morocco,3,1,1,1,44,24,0,MAR,25400700,1.63768,1290,33711100000,-2.09774,Middle East and North Africa,1317.33,0.004670148,0.001343015,0.468
1996,Morocco,2,0,0,2,34,28,0,MAR,26999100,1.49278,1540,43161600000,12.3729,Middle East and North Africa,1585.72,0.004671857,0.001369462,0.499
2000,Morocco,5,0,1,4,55,28,0,MAR,28554400,1.33056,1570,43017500000,2.58218,Middle East and North Africa,1492.38,0.004673056,0.001285176,0.53
2004,Morocco,3,2,1,0,55,28,0,MAR,30033100,1.24588,2050,66114100000,4.57138,Middle East and North Africa,2177.8,0.004666258,0.001511679,0.572
2008,Morocco,2,0,1,1,47,35,0,MAR,31635000,1.28004,2970,1.01823E+11,5.68454,Middle East and North Africa,3180.17,0.004675668,0.001600393,0.602
2012,Morocco,1,0,0,1,63,40,0,MAR,33352200,1.35377,3230,1.06937E+11,3.06234,Middle East and North Africa,3164,0.004694246,0.001424708,0.635
2016,Morocco,1,0,0,1,48,39,0,MAR,35107300,1.22317,3140,1.11573E+11,0.521186,Middle East and North Africa,3132.95,0.004710491,0.001473193,0.662
1996,Mozambique,1,0,0,1,3,3,0,MOZ,16079600,3.0609,220,4030150000,10.6959,Sub-Saharan Africa,250.638,0.002782366,0.000127871,0.253
2000,Mozambique,1,1,0,0,4,4,0,MOZ,17768500,2.45331,330,5930690000,0.766235,Sub-Saharan Africa,333.775,0.002907894,0.000177183,0.298
1992,Namibia,2,0,2,0,6,9,0,NAM,1461690,3.20258,2390,3429520000,7.18934,Sub-Saharan Africa,2346.28,0.000268745,0.000136629,0.587
1996,Namibia,2,0,2,0,8,10,0,NAM,1650070,2.7461,2530,3989160000,3.19132,Sub-Saharan Africa,2417.58,0.000285523,0.000126571,0.581
1992,Netherlands,15,2,6,7,201,105,0,NED,15184200,0.756057,23030,3.62963E+11,1.70607,Europe and Central Asia,23904,0.002791749,0.014460071,0.835
1996,Netherlands,19,4,5,10,239,94,0,NED,15530500,0.461396,29250,4.5049E+11,3.49874,Europe and Central Asia,29006.8,0.002687359,0.014293479,0.866
2000,Netherlands,25,12,9,4,231,95,0,NED,15925500,0.71477,28160,4.17479E+11,4.19564,Europe and Central Asia,26214.5,0.00260628,0.012472484,0.876
2004,Netherlands,22,4,9,9,210,99,0,NED,16281800,0.347475,36630,6.5838E+11,1.98495,Europe and Central Asia,40436.6,0.002529706,0.015053653,0.886
2008,Netherlands,16,7,5,4,237,98,0,NED,16445600,0.389292,51670,9.5187E+11,2.17032,Europe and Central Asia,57879.9,0.002430667,0.014960932,0.906
2012,Netherlands,20,6,6,8,173,95,0,NED,16755000,0.370055,51500,8.38923E+11,-1.03035,Europe and Central Asia,50070.1,0.002358225,0.011176827,0.921
2016,Netherlands,19,8,7,4,237,122,0,NED,17030300,0.532179,46480,7.8406E+11,2.19171,Europe and Central Asia,46039.1,0.00228503,0.010352621,0.928
1992,New Zealand,10,1,4,5,134,87,0,NZL,3531700,1.04174,12050,41649800000,1.09377,East Asia and Pacific,11793.1,0.000649336,0.001659287,0.825
1996,New Zealand,6,3,2,1,95,81,0,NZL,3732000,1.58266,16730,70140800000,3.61087,East Asia and Pacific,18794.4,0.000645776,0.002225479,0.854
2000,New Zealand,4,1,0,3,147,95,0,NZL,3857700,0.587564,14070,52623300000,2.87059,East Asia and Pacific,13641.1,0.00063133,0.001572157,0.869
2004,New Zealand,5,3,2,0,148,84,0,NZL,4087500,1.48622,21530,1.03905E+11,4.08826,East Asia and Pacific,25420.2,0.000635076,0.00237576,0.886
2008,New Zealand,9,3,2,4,178,78,0,NZL,4259800,0.848701,28610,1.33131E+11,-1.23954,East Asia and Pacific,31253,0.000629601,0.00209248,0.894
2012,New Zealand,13,6,2,5,178,87,0,NZL,4408100,0.548221,36710,1.76211E+11,2.28946,East Asia and Pacific,39974.3,0.000620431,0.002347624,0.905
2016,New Zealand,18,4,9,5,195,100,0,NZL,4714100,2.24603,39440,1.88898E+11,3.74831,East Asia and Pacific,40070.9,0.000632511,0.002494185,0.915
2016,Niger,1,0,1,0,6,6,0,NIG,20921700,3.86709,520,10398900000,5.74089,Sub-Saharan Africa,497.036,0.002807159,0.000137305,0.351
1992,Nigeria,4,0,3,1,55,34,0,NGR,100182000,2.52373,1070,52058200000,4.63119,Sub-Saharan Africa,519.636,0.01841939,0.002073945,0.437
1996,Nigeria,6,2,1,3,65,38,0,NGR,110956000,2.52685,1190,1.8573E+11,4.19592,Sub-Saharan Africa,1673.91,0.019199585,0.005892983,0.442
2000,Nigeria,3,1,2,0,83,37,0,NGR,122852000,2.60287,1200,69171500000,5.01593,Sub-Saharan Africa,563.047,0.020105268,0.002066545,0.47
2004,Nigeria,2,0,0,2,70,31,0,NGR,136757000,2.6955,1440,1.35765E+11,9.25056,Sub-Saharan Africa,992.745,0.021247965,0.003104218,0.462
2008,Nigeria,4,0,1,3,74,36,0,NGR,152383000,2.71969,1950,3.39476E+11,6.76447,Sub-Saharan Africa,2227.79,0.02252221,0.005335688,0.485
2016,Nigeria,1,0,0,1,71,36,0,NGR,188667000,2.50703,2460,4.04649E+11,-1.61687,Sub-Saharan Africa,2144.78,0.025314243,0.005342929,0.53
2000,North Macedonia,1,0,0,1,10,15,0,MKD,2026350,0.455449,1920,3772860000,4.54914,Europe and Central Asia,1861.9,0.000331621,0.000112717,0.669
1992,Norway,7,2,4,1,83,64,0,NOR,4286400,0.57718,30780,1.30838E+11,3.57446,Europe and Central Asia,30524,0.000788094,0.005212454,0.862
1996,Norway,7,2,2,3,97,65,0,NOR,4381340,0.506882,35790,1.6352E+11,5.02796,Europe and Central Asia,37322,0.000758136,0.005188284,0.888
2000,Norway,10,4,3,3,93,54,0,NOR,4490970,0.649045,36600,1.71457E+11,3.31895,Europe and Central Asia,38178.2,0.000734967,0.005122402,0.917
2004,Norway,6,5,0,1,52,35,0,NOR,4591910,0.590931,54290,2.65269E+11,4.01459,Europe and Central Asia,57768.7,0.000713447,0.006065284,0.934
2008,Norway,9,3,5,1,84,49,0,NOR,4768210,1.24633,87850,4.64918E+11,0.48192,Europe and Central Asia,97503.5,0.000704744,0.0073073,0.938
2012,Norway,4,2,1,1,61,46,0,NOR,5018570,1.31344,99750,5.12777E+11,2.71796,Europe and Central Asia,102176,0.000706353,0.006831642,0.942
2016,Norway,4,0,0,4,62,53,0,NOR,5234520,0.88097,81870,3.70957E+11,1.16472,Europe and Central Asia,70867.4,0.000702338,0.004898057,0.951
1992,Pakistan,1,0,0,1,27,12,0,PAK,122375000,2.62589,400,48884700000,7.7059,South Asia,399.466,0.022499802,0.001947516,0.414
2008,Panama,1,1,0,0,5,5,0,PAN,3495280,1.83816,6580,25155900000,9.85566,Latin America and Caribbean,7197.11,0.000516604,0.000395385,0.755
2004,Paraguay,1,0,1,0,22,6,0,PAR,5416320,1.17128,1430,9624440000,4.05742,Latin America and Caribbean,1776.93,0.000841536,0.00022006,0.646
1992,Peru,1,0,1,0,16,18,0,PER,23047200,2.03487,1410,35966300000,-0.540509,Latin America and Caribbean,1560.55,0.004237448,0.001432861,0.617
1992,Philippines,1,0,0,1,26,29,0,PHI,64543500,2.35743,890,60422300000,0.417629,East Asia and Pacific,936.149,0.01186692,0.002407164,0.589
1996,Philippines,1,0,1,0,12,18,0,PHI,70945000,2.41746,1330,94648100000,5.86035,East Asia and Pacific,1334.11,0.012276143,0.003003063,0.606
2016,Philippines,1,0,1,0,13,13,0,PHI,104875000,1.77382,3410,3.18627E+11,7.14946,East Asia and Pacific,3038.15,0.01407156,0.004207105,0.696
1992,Poland,19,3,6,10,201,136,0,POL,38363700,0.306681,2080,94337100000,2.51498,Europe and Central Asia,2459.02,0.007053513,0.003758292,0.714
1996,Poland,17,7,5,5,165,126,0,POL,38624400,0.0760742,3840,1.60193E+11,6.11554,Europe and Central Asia,4147.47,0.006683466,0.005082727,0.748
2000,Poland,14,6,5,3,187,133,0,POL,38258600,-1.04434,4670,1.7222E+11,4.56099,Europe and Central Asia,4501.48,0.006261193,0.005145205,0.785
2004,Poland,10,3,2,5,194,124,0,POL,38182200,-0.0585127,6260,2.55107E+11,4.98284,Europe and Central Asia,6681.31,0.005932387,0.005832947,0.802
2008,Poland,10,3,6,1,257,165,0,POL,38125800,0.0136374,11940,5.336E+11,4.19998,Europe and Central Asia,13995.8,0.005635006,0.008386807,0.824
2012,Poland,10,2,2,6,210,148,0,POL,38063200,-0.000239076,13090,4.95231E+11,1.54522,Europe and Central Asia,13010.8,0.005357309,0.006597869,0.836
2016,Poland,11,2,3,6,234,144,0,POL,37970100,-0.0429851,12660,4.70025E+11,2.95351,Europe and Central Asia,12378.8,0.005094608,0.006206137,0.86
1996,Portugal,2,1,0,1,107,79,0,POR,10063900,0.375996,12100,1.2263E+11,3.50425,Europe and Central Asia,12185.1,0.00174144,0.003890896,0.767
2000,Portugal,2,0,0,2,61,50,0,POR,10289900,0.70286,12180,1.18605E+11,3.81618,Europe and Central Asia,11526.4,0.001683987,0.003543412,0.785
2004,Portugal,3,0,2,1,81,63,0,POR,10483900,0.239129,16190,1.89382E+11,1.78874,Europe and Central Asia,18064.2,0.001628882,0.004330163,0.797
2008,Portugal,2,1,1,0,77,65,0,POR,10558200,0.144191,22640,2.63416E+11,0.319248,Europe and Central Asia,24949,0.001560504,0.004140224,0.814
2012,Portugal,1,0,1,0,76,75,0,POR,10514800,-0.405422,21170,2.16224E+11,-4.05729,Europe and Central Asia,20563.7,0.001479942,0.002880717,0.829
2016,Portugal,1,0,0,1,90,61,0,POR,10325500,-0.315459,19940,2.06426E+11,2.01949,Europe and Central Asia,19992,0.00138541,0.002725621,0.845
1992,Puerto Rico,1,0,0,1,71,57,0,PUR,3585180,0.64545,6760,34630400000,4.56405,Latin America and Caribbean,9659.34,0.000659168,0.001379641,0.742
1996,Puerto Rico,1,0,0,1,69,60,0,PUR,3724660,1.12186,8130,45340800000,2.31371,Latin America and Caribbean,12173.2,0.000644505,0.001438607,0.77
2012,Puerto Rico,2,0,1,1,25,25,0,PUR,3634490,-1.20999,18680,1.01565E+11,0.0292751,Latin America and Caribbean,27944.7,0.000511546,0.00135313,0.845
2016,Puerto Rico,1,1,0,0,40,27,0,PUR,3406670,-1.93497,19710,1.04337E+11,-1.26369,Latin America and Caribbean,30627.2,0.000457088,0.001377647,0.852
1992,Qatar,1,0,0,1,28,11,0,QAT,471293,3.19219,17840,7646150000,11.3305,Middle East and North Africa,16223.8,8.66516E-05,0.000304615,0.753
2000,Qatar,1,0,0,1,17,14,0,QAT,645937,5.18445,19590,17759900000,8.02813,Middle East and North Africa,27494.8,0.00010571,0.000530589,0.81
2012,Qatar,2,0,0,2,12,13,0,QAT,1905660,5.47272,83990,1.86834E+11,4.73001,Middle East and North Africa,98041.4,0.000268218,0.00248915,0.844
2016,Qatar,1,0,1,0,37,20,0,QAT,2595170,7.2128,66030,1.51732E+11,3.06419,Middle East and North Africa,58467.2,0.000348204,0.00200345,0.855
1992,Romania,18,4,6,8,173,128,0,ROU,22794300,-0.903463,1240,25121700000,-8.76723,Europe and Central Asia,1102.1,0.004190939,0.001000822,0.678
1996,Romania,19,4,7,8,165,122,0,ROU,22619000,-0.288129,1640,36937100000,3.9077,Europe and Central Asia,1633.01,0.003913937,0.001171966,0.695
2000,Romania,26,11,6,9,145,116,0,ROU,22443000,-0.12944,1710,37253700000,2.46126,Europe and Central Asia,1659.93,0.003672891,0.001112981,0.709
2004,Romania,19,8,5,6,108,88,0,ROU,21451700,-0.569786,2960,74973700000,10.4281,Europe and Central Asia,3494.99,0.003332967,0.001714249,0.746
2008,Romania,8,4,1,3,101,80,0,ROU,20537900,-1.66638,8800,2.14317E+11,9.30747,Europe and Central Asia,10435.2,0.003035508,0.003368512,0.795
2012,Romania,9,2,5,2,105,75,0,ROU,20058000,-0.445178,9200,1.79133E+11,1.92499,Europe and Central Asia,8930.73,0.002823125,0.002386556,0.795
2016,Romania,4,1,1,2,95,62,0,ROU,19702300,-0.573661,9460,1.85288E+11,2.85755,Europe and Central Asia,9404.38,0.002643537,0.002446511,0.807
1996,Russia,63,26,21,16,390,212,0,RUS,148160000,-0.145452,2600,3.91725E+11,-3.75507,Europe and Central Asia,2643.93,0.025637265,0.012428931,0.708
2000,Russia,89,32,28,29,435,238,0,RUS,146597000,-0.420615,1710,2.5971E+11,10.0001,Europe and Central Asia,1771.59,0.023991223,0.00775902,0.732
2004,Russia,90,28,26,36,446,235,0,RUS,144067000,-0.402681,3410,5.91017E+11,7.19995,Europe and Central Asia,4102.36,0.022383796,0.01351341,0.761
2008,Russia,72,23,21,28,454,242,0,RUS,142742000,-0.0439493,9580,1.66085E+12,5.19997,Europe and Central Asia,11635.3,0.021097393,0.026104232,0.791
2012,Russia,82,24,26,32,429,238,0,RUS,143378000,0.251576,13470,2.20829E+12,4.02409,Europe and Central Asia,15401.9,0.020180209,0.029420706,0.811
2016,Russia,56,19,17,20,284,181,0,RUS,145015000,0.258751,9680,1.27679E+12,0.19369,Europe and Central Asia,8663.16,0.01945734,0.016858503,0.828
2000,Saudi Arabia,2,0,1,1,18,14,0,KSA,21547400,2.52724,7800,1.89515E+11,5.62541,Middle East and North Africa,8795.26,0.003526325,0.00566189,0.743
2012,Saudi Arabia,1,0,0,1,18,14,0,KSA,30821500,2.19976,23200,7.4185E+11,5.40892,Middle East and North Africa,24069.2,0.004338066,0.009883535,0.835
2008,Serbia,3,0,1,2,87,42,0,SRB,7350220,-0.425706,6030,52194200000,5.65558,Europe and Central Asia,7101.04,0.001086366,0.000820358,0.757
2012,Serbia,4,1,1,2,116,55,0,SRB,7199080,-0.4853,6080,43309300000,-0.681542,Europe and Central Asia,6015.95,0.001013255,0.000577002,0.768
2016,Serbia,8,2,4,2,103,56,0,SRB,7058320,-0.523694,5700,40692700000,3.33859,Europe and Central Asia,5765.2,0.000947045,0.0005373,0.785
2008,Singapore,1,0,1,0,25,25,0,SGP,4839400,5.32152,37230,1.93617E+11,1.86348,East Asia and Pacific,40008.6,0.000715265,0.003043163,0.883
2012,Singapore,2,0,0,2,23,29,0,SGP,5312440,2.45339,51710,2.95093E+11,4.4355,East Asia and Pacific,55547.6,0.000747714,0.003931471,0.92
2016,Singapore,1,1,0,0,25,24,0,SGP,5607280,1.29744,53310,3.19054E+11,3.58864,East Asia and Pacific,56899.9,0.000752353,0.004212742,0.93
1996,Slovakia,3,1,1,1,71,69,0,SVK,5373360,0.211674,5020,27925000000,6.6199,Europe and Central Asia,5196.94,0.000929793,0.000886026,0.754
2000,Slovakia,5,1,3,1,108,63,0,SVK,5388720,-0.135376,5540,29242600000,1.16653,Europe and Central Asia,5426.62,0.000881888,0.000873642,0.764
2004,Slovakia,6,2,2,2,64,59,0,SVK,5372280,-0.0203617,9060,57437400000,5.27888,Europe and Central Asia,10691.4,0.000834693,0.001313289,0.785
2008,Slovakia,6,3,2,1,57,54,0,SVK,5379230,0.0857553,17290,1.0088E+11,5.57489,Europe and Central Asia,18753.6,0.000795053,0.001585571,0.822
2012,Slovakia,4,0,1,3,47,52,0,SVK,5407580,0.170184,17830,94623700000,1.3188,Europe and Central Asia,17498.4,0.000761105,0.001260655,0.842
2016,Slovakia,4,2,2,0,51,49,0,SVK,5430800,0.128922,16840,89952700000,1.94395,Europe and Central Asia,16563.4,0.000728673,0.001187722,0.853
1992,Slovenia,2,0,0,2,35,34,0,SVN,1996500,-0.146699,7120,14267100000,-5.4637,Europe and Central Asia,7146.07,0.000367075,0.000568387,0.766
1996,Slovenia,2,0,2,0,37,34,0,SVN,1988630,-0.0625361,10530,21507200000,3.20301,Europe and Central Asia,10815.1,0.000344107,0.000682397,0.788
2000,Slovenia,2,2,0,0,74,53,0,SVN,1988930,0.296075,11270,20289600000,3.67237,Europe and Central Asia,10201.3,0.000325496,0.000606167,0.825
2004,Slovenia,4,0,1,3,79,66,0,SVN,1997010,0.0640662,15610,34414800000,4.35919,Europe and Central Asia,17233.1,0.000310277,0.000786883,0.857
2008,Slovenia,5,1,2,2,61,60,0,SVN,2021320,0.158141,24660,55779400000,3.50984,Europe and Central Asia,27595.6,0.000298752,0.000876708,0.878
2012,Slovenia,4,1,1,2,65,68,0,SVN,2057160,0.210024,23260,46577800000,-2.63944,Europe and Central Asia,22641.8,0.000289541,0.000620548,0.877
2016,Slovenia,4,1,2,1,63,45,0,SVN,2065040,0.0731972,21790,44766700000,3.19185,Europe and Central Asia,21678.4,0.000277075,0.000591093,0.894
1992,South Africa,2,0,2,0,93,87,0,RSA,41760800,2.0559,3290,1.46956E+11,-2.13703,Sub-Saharan Africa,3519,0.007678099,0.005854583,0.635
1996,South Africa,5,3,1,1,84,62,0,RSA,44661600,1.52408,3830,1.63235E+11,4.3,Sub-Saharan Africa,3654.93,0.007728134,0.005179236,0.647
2000,South Africa,5,0,2,3,127,68,0,RSA,46813300,0.962864,3280,1.51753E+11,4.2,Sub-Saharan Africa,3241.66,0.007661197,0.004533718,0.63
2004,South Africa,6,1,3,2,106,68,0,RSA,48556100,0.93529,4070,2.55807E+11,4.55456,Sub-Saharan Africa,5268.28,0.007544176,0.005848944,0.613
2008,South Africa,1,0,1,0,134,89,0,RSA,50565800,1.13308,6560,3.16131E+11,3.19104,Sub-Saharan Africa,6251.88,0.007473652,0.004968765,0.633
2012,South Africa,6,3,2,1,124,65,0,RSA,53145000,1.32916,8320,4.34401E+11,2.39623,Sub-Saharan Africa,8173.87,0.00748005,0.005787442,0.664
2016,South Africa,10,2,6,2,135,70,0,RSA,56422300,0.972004,5960,3.23586E+11,0.664552,Sub-Saharan Africa,5735.07,0.007570416,0.004272576,0.696
1992,South Korea,28,12,5,11,225,134,0,KOR,43748000,1.03916,8310,3.55525E+11,6.19864,East Asia and Pacific,8126.66,0.008043465,0.01416375,0.746
1996,South Korea,27,7,15,5,299,160,0,KOR,45524700,0.952779,13320,6.10167E+11,7.8907,East Asia and Pacific,13403,0.007877479,0.019359822,0.789
2000,South Korea,28,8,10,10,279,144,0,KOR,47008100,0.836181,11030,5.76179E+11,9.06083,East Asia and Pacific,12257,0.007693084,0.017213757,0.817
2004,South Korea,30,9,12,9,260,149,0,KOR,48082500,0.396331,16200,7.93176E+11,5.19739,East Asia and Pacific,16496.1,0.0074706,0.018135709,0.847
2008,South Korea,31,13,10,8,263,142,0,KOR,49054700,0.759317,23860,1.04734E+12,3.01298,East Asia and Pacific,21350.4,0.00725031,0.016461458,0.874
2012,South Korea,28,13,8,7,249,140,0,KOR,50199900,0.525714,25650,1.27805E+12,2.40253,East Asia and Pacific,25459.2,0.007065522,0.017027189,0.89
2016,South Korea,21,9,3,9,207,117,0,KOR,51217800,0.396852,29330,1.49968E+12,2.94688,East Asia and Pacific,29280.4,0.00687211,0.019801556,0.9
1992,Spain,22,13,7,2,422,195,1,ESP,39157700,0.489758,15610,6.30916E+11,0.929215,Europe and Central Asia,16112.2,0.0071995,0.025135052,0.772
1996,Spain,17,5,6,6,289,157,0,ESP,39889900,0.416516,15560,6.42589E+11,2.66056,Europe and Central Asia,16109.1,0.006902442,0.020388528,0.806
2000,Spain,11,3,3,5,321,165,0,ESP,40567900,0.447137,15790,5.98363E+11,5.24594,Europe and Central Asia,14749.7,0.00663911,0.017876517,0.825
2004,Spain,20,3,11,6,316,155,0,ESP,42921900,1.72547,22130,1.06906E+12,3.12273,Europe and Central Asia,24907,0.006668792,0.024443621,0.837
2008,Spain,18,5,10,3,283,147,0,ESP,45954100,1.59533,32250,1.63186E+12,0.887067,Europe and Central Asia,35510.7,0.00679204,0.02564867,0.856
2012,Spain,17,3,10,4,278,135,0,ESP,46773100,0.064926,29540,1.32475E+12,-2.95892,Europe and Central Asia,28322.9,0.006583207,0.017649421,0.873
2016,Spain,17,7,4,6,307,146,0,ESP,46484100,0.0844302,27570,1.23355E+12,3.03777,Europe and Central Asia,26537.2,0.006236964,0.016287682,0.889
2000,Sri Lanka,1,0,1,0,18,16,0,SRI,18776400,0.565925,870,16330800000,6.00003,South Asia,869.753,0.003072836,0.000487894,0.685
2008,Sudan,1,0,1,0,9,8,0,SDN,32065200,2.76378,1410,64833100000,3.84674,Sub-Saharan Africa,1585.58,0.004739259,0.001019008,0.463
1992,Suriname,1,0,0,1,6,7,0,SUR,419521,0.8474,1040,404600000,0.4,Latin America and Caribbean,964.433,7.71328E-05,1.61189E-05,0.73
1992,Sweden,12,1,7,4,187,121,0,SWE,8668070,0.58653,31340,2.84321E+11,-1.15859,Europe and Central Asia,32801,0.001593704,0.011327064,0.821
1996,Sweden,8,2,4,2,177,109,0,SWE,8841000,0.159147,30400,2.91744E+11,1.57946,Europe and Central Asia,32999,0.001529825,0.009256659,0.863
2000,Sweden,12,4,5,3,150,92,0,SWE,8872110,0.160575,31610,2.62835E+11,4.76635,Europe and Central Asia,29624.9,0.00145196,0.007852391,0.897
2004,Sweden,7,4,2,1,115,79,0,SWE,8993530,0.393299,39790,3.85118E+11,4.33686,Europe and Central Asia,42821.7,0.001397328,0.008805603,0.896
2008,Sweden,5,0,4,1,123,81,0,SWE,9219640,0.779033,55720,5.17706E+11,-0.450559,Europe and Central Asia,56152.6,0.001362667,0.008137,0.901
2012,Sweden,8,1,4,3,133,81,0,SWE,9519370,0.739763,59090,5.52484E+11,-0.588305,Europe and Central Asia,58037.8,0.001339832,0.007360643,0.908
2016,Sweden,11,2,6,3,150,79,0,SWE,9923090,1.25645,54390,5.15655E+11,2.07059,Europe and Central Asia,51965.2,0.001331422,0.00680863,0.932
1992,Switzerland,1,1,0,0,102,80,0,CHE,6875360,1.10252,42050,2.79921E+11,-0.043733,Europe and Central Asia,40713.7,0.001264099,0.011151785,0.836
1996,Switzerland,7,4,3,0,115,83,0,CHE,7071850,0.441636,49670,3.40104E+11,0.47128,Europe and Central Asia,48092.6,0.001223696,0.010791064,0.854
2000,Switzerland,9,1,6,2,102,82,0,CHE,7184250,0.561955,44580,2.79216E+11,3.95872,Europe and Central Asia,38865,0.001175734,0.008341772,0.889
2004,Switzerland,5,1,1,3,98,83,0,CHE,7389630,0.687426,55000,4.03913E+11,2.70171,Europe and Central Asia,54659.5,0.001148129,0.009235341,0.901
2008,Switzerland,7,2,1,4,83,75,0,CHE,7647680,1.27062,64870,5.67268E+11,2.80798,Europe and Central Asia,74175.2,0.00113033,0.008915981,0.917
2012,Switzerland,4,2,2,0,98,71,0,CHE,7996860,1.06182,86720,6.8642E+11,1.17925,Europe and Central Asia,85836.2,0.001125541,0.009145056,0.935
2016,Switzerland,7,3,2,2,102,80,0,CHE,8373340,1.09203,83360,6.87895E+11,2.06869,Europe and Central Asia,82153.1,0.001123486,0.009082872,0.943
1996,Syria,1,1,0,0,7,8,0,SYR,14708900,2.72517,830,13789600000,9.82557,Middle East and North Africa,937.499,0.002545188,0.000437525,0.583
2004,Syria,1,0,0,1,6,6,0,SYR,18084000,2.6484,1300,25087000000,6.90296,Middle East and North Africa,1387.25,0.002809719,0.000573605,0.623
2008,Tajikistan,2,0,1,1,15,16,0,TJK,7324630,1.87749,740,5161300000,7.9,Europe and Central Asia,704.65,0.001082584,8.11223E-05,0.618
2012,Tajikistan,1,0,0,1,16,16,0,TJK,7956380,2.17988,1140,7633040000,7.5,Europe and Central Asia,959.36,0.001119844,0.000101694,0.642
2016,Tajikistan,1,1,0,0,7,7,0,TJK,8725320,2.33358,1110,6992420000,6.9,Europe and Central Asia,801.394,0.001170713,9.23269E-05,0.647
1992,Thailand,1,0,0,1,46,47,0,THA,56939000,1.48475,1920,1.11453E+11,8.08339,East Asia and Pacific,1957.41,0.010468762,0.004440164,0.589
1996,Thailand,2,1,0,1,37,42,0,THA,60211100,1.31444,2950,1.83035E+11,5.65194,East Asia and Pacific,3039.89,0.01041878,0.005807474,0.619
2000,Thailand,3,1,0,2,52,51,0,THA,63066600,0.994281,1980,1.26392E+11,4.45525,East Asia and Pacific,2004.11,0.010321127,0.003776055,0.649
2004,Thailand,8,3,1,4,42,46,0,THA,65311200,0.821309,2520,1.72896E+11,6.28934,East Asia and Pacific,2647.26,0.010147422,0.003953205,0.683
2008,Thailand,4,2,2,0,47,43,0,THA,67328200,0.747624,3920,2.91383E+11,1.7257,East Asia and Pacific,4327.8,0.009951147,0.004579786,0.714
2012,Thailand,3,0,2,1,37,37,0,THA,69157000,0.644345,5420,3.97558E+11,7.2428,East Asia and Pacific,5748.63,0.009733703,0.005296599,0.731
2016,Thailand,6,2,2,2,54,45,0,THA,70607000,0.443772,5570,4.13366E+11,3.43516,East Asia and Pacific,5854.46,0.009473646,0.00545803,0.748
2008,Togo,1,0,0,1,4,4,0,TOG,6222480,2.85178,650,4578850000,4.03565,Sub-Saharan Africa,735.856,0.000919686,7.19677E-05,0.44
1996,Tonga,1,0,1,0,5,5,0,TON,100195,0.217813,2280,222101000,1.80553,East Asia and Pacific,2216.68,1.73375E-05,7.04697E-06,0.671
1996,Trinidad and Tobago,2,0,0,2,12,14,0,TTO,1313430,0.428192,4050,5759540000,7.13448,Latin America and Caribbean,4385.1,0.000227273,0.000182743,0.69
2000,Trinidad and Tobago,2,0,1,1,19,18,0,TTO,1332200,0.386573,5140,8154340000,6.90136,Latin America and Caribbean,6120.94,0.000218021,0.000243616,0.716
2004,Trinidad and Tobago,1,0,0,1,19,18,0,TTO,1361170,0.56168,9190,13280300000,7.95005,Latin America and Caribbean,9756.5,0.000211486,0.000303649,0.746
2008,Trinidad and Tobago,2,1,1,0,28,19,0,TTO,1392800,0.571849,16370,27871600000,3.39174,Latin America and Caribbean,20011.1,0.000205857,0.000438069,0.773
2012,Trinidad and Tobago,4,1,1,2,25,22,0,TTO,1430380,0.726709,16890,27334600000,7.44682,Latin America and Caribbean,19110.1,0.000201322,0.000364174,0.774
2016,Trinidad and Tobago,1,0,0,1,28,24,0,TTO,1469330,0.624885,16550,23713700000,-7.52714,Latin America and Caribbean,16139.1,0.000197146,0.000313112,0.785
1996,Tunisia,1,0,0,1,51,24,0,TUN,9430550,1.45744,1930,19587200000,7.14608,Middle East and North Africa,2076.99,0.001631839,0.000621476,0.616
2008,Tunisia,1,1,0,0,26,28,0,TUN,10680400,0.940565,3770,44859400000,4.23778,Middle East and North Africa,4200.17,0.001578565,0.000705074,0.707
2012,Tunisia,3,1,1,1,83,50,0,TUN,11174400,1.27759,4190,47311400000,4.21668,Middle East and North Africa,4233.92,0.00157277,0.000630321,0.719
2016,Tunisia,3,0,0,3,61,47,0,TUN,11685700,1.10043,3870,44360100000,1.11743,Middle East and North Africa,3796.11,0.001567916,0.000585724,0.732
1992,Turkey,6,2,2,2,41,43,0,TUR,56302000,1.7575,2920,1.59105E+11,5.03563,Europe and Central Asia,2825.92,0.010351647,0.006338572,0.589
1996,Turkey,6,4,1,1,53,55,0,TUR,60293800,1.65272,2880,1.81464E+11,7.37966,Europe and Central Asia,3009.67,0.010433089,0.005757634,0.615
2000,Turkey,5,3,0,2,57,58,0,TUR,64113500,1.4579,4260,2.74295E+11,6.93324,Europe and Central Asia,4278.26,0.010492464,0.008194741,0.655
2004,Turkey,11,3,3,5,64,65,0,TUR,67785100,1.36316,5210,4.08865E+11,9.79594,Europe and Central Asia,6031.79,0.010531794,0.009348579,0.685
2008,Turkey,7,1,3,3,67,67,0,TUR,71051700,1.2656,9770,7.70449E+11,0.815025,Europe and Central Asia,10843.5,0.010501473,0.012109466,0.71
2012,Turkey,5,2,2,1,112,80,0,TUR,75175800,1.27472,11880,8.80556E+11,4.78849,Europe and Central Asia,11713.3,0.010580837,0.011731491,0.76
2016,Turkey,8,1,3,4,100,88,0,TUR,79278000,1.34543,11340,8.69683E+11,3.32308,Europe and Central Asia,10970,0.010637061,0.011483167,0.787
1996,Uganda,1,0,0,1,10,9,0,UGA,21249600,2.71295,270,6044590000,9.07211,Sub-Saharan Africa,284.457,0.003676974,0.000191787,0.338
2012,Uganda,1,1,0,0,15,12,0,UGA,34273300,2.89371,830,27305900000,3.83746,Sub-Saharan Africa,796.711,0.004823893,0.000363792,0.492
1996,Ukraine,23,9,2,12,231,148,0,UKR,51057800,-0.8872,860,44558800000,-10,Europe and Central Asia,872.714,0.008834916,0.001413795,0.661
2000,Ukraine,23,3,10,10,230,185,0,UKR,49176500,-1.00658,680,32375100000,5.9,Europe and Central Asia,658.345,0.008047951,0.000967228,0.671
2004,Ukraine,22,8,5,9,239,175,0,UKR,47451600,-0.758571,1270,67220200000,11.7954,Europe and Central Asia,1416.6,0.007372578,0.001536968,0.706
2008,Ukraine,27,7,5,15,243,177,0,UKR,46258200,-0.541497,3210,1.8811E+11,2.24349,Europe and Central Asia,4066.53,0.006836983,0.002956608,0.733
2012,Ukraine,20,6,5,9,230,174,0,UKR,45593300,-0.246976,3650,1.82592E+11,0.152315,Europe and Central Asia,4004.79,0.006417165,0.002432638,0.743
2016,Ukraine,11,2,5,4,204,142,0,UKR,45038200,-0.286266,2360,93355900000,2.44098,Europe and Central Asia,2187.73,0.006042971,0.001232657,0.746
2004,United Arab Emirates,1,1,0,0,4,5,0,ARE,3993340,4.60953,36840,1.47824E+11,9.56644,Middle East and North Africa,37017.7,0.000620447,0.003379958,0.818
2016,United Arab Emirates,1,0,0,1,12,11,0,ARE,8994260,0.863869,44460,3.69255E+11,5.56149,Middle East and North Africa,41054.5,0.001206798,0.004875594,0.862
1992,United kingdom,20,5,3,12,371,203,0,GBR,57580400,0.270431,21510,1.17966E+12,0.401082,Europe and Central Asia,20487.2,0.010586686,0.046996435,0.801
1996,United kingdom,15,1,8,6,300,175,0,GBR,58167000,0.254626,22850,1.41965E+12,2.58202,Europe and Central Asia,24406.4,0.010065066,0.045043551,0.844
2000,United kingdom,28,11,10,7,310,179,0,GBR,58892500,0.357301,29420,1.66553E+12,4.31873,Europe and Central Asia,28280.9,0.009638019,0.049759005,0.867
2004,United kingdom,30,9,9,12,264,162,0,GBR,59987900,0.568943,37810,2.42153E+12,2.4265,Europe and Central Asia,40366.9,0.009320344,0.055367408,0.886
2008,United kingdom,48,19,13,16,304,185,0,GBR,61807000,0.787033,48390,2.92941E+12,-0.225727,Europe and Central Asia,47396.1,0.009135105,0.04604277,0.896
2012,United kingdom,65,29,17,19,530,249,1,GBR,63700200,0.695353,41800,2.70709E+12,1.51294,Europe and Central Asia,42497.3,0.008965669,0.036066079,0.898
2016,United kingdom,67,27,23,17,360,198,0,GBR,65611600,0.757874,42960,2.68911E+12,1.92106,Europe and Central Asia,40985.2,0.008803386,0.035506575,0.92
1992,United States,108,37,34,37,545,248,0,USA,256514000,1.38689,25680,6.52033E+12,3.5225,North America,25419,0.047162457,0.25976319,0.867
1996,United States,101,44,32,25,648,263,1,USA,269394000,1.16341,30270,8.07312E+12,3.77277,North America,29967.7,0.046615276,0.256149855,0.879
2000,United States,91,36,24,31,586,265,0,USA,282162000,1.11277,35960,1.0251E+13,4.07759,North America,36330,0.046177121,0.306254271,0.885
2004,United States,101,36,39,26,533,254,0,USA,292805000,0.925484,43520,1.22172E+13,3.84777,North America,41724.6,0.045493275,0.279342336,0.895
2008,United States,110,36,39,35,588,258,0,USA,304094000,0.945865,49110,1.47699E+13,0.113587,North America,48570.1,0.044945239,0.232143996,0.91
2012,United States,103,46,28,29,529,245,0,USA,313878000,0.7336,52690,1.6254E+13,2.28911,North America,51784.4,0.044177609,0.216548777,0.918
2016,United States,121,46,37,38,555,245,0,USA,323072000,0.724676,57060,1.88049E+13,1.81945,North America,58206.6,0.043347909,0.248297357,0.922
2000,Uruguay,1,0,1,0,15,16,0,URU,3292220,0.403611,7120,22823300000,-1.92993,Latin America and Caribbean,6932.48,0.000538787,0.000681861,0.742
1996,Uzbekistan,2,0,1,1,71,70,0,UZB,23225000,1.91269,600,13948900000,1.7,Europe and Central Asia,600.598,0.004018797,0.000442581,0.635
2000,Uzbekistan,4,1,1,2,70,69,0,UZB,24650400,1.38375,630,13760500000,3.835,Europe and Central Asia,558.227,0.004034146,0.000411105,0.595
2004,Uzbekistan,5,2,1,2,69,71,0,UZB,25864400,1.15377,460,12030000000,7.449,Europe and Central Asia,465.12,0.004018554,0.000275063,0.621
2008,Uzbekistan,6,1,2,3,56,67,0,UZB,27302800,1.60533,980,29549400000,9.02916,Europe and Central Asia,1082.29,0.004035367,0.000464441,0.653
2012,Uzbekistan,3,1,0,2,53,52,0,UZB,29774500,1.4721,2160,67517300000,7.10244,Europe and Central Asia,2267.62,0.004190697,0.000899522,0.683
2016,Uzbekistan,13,4,2,7,70,69,0,UZB,31847900,1.73885,2790,86138300000,5.93215,Europe and Central Asia,2704.68,0.004273168,0.001137358,0.703
2004,Venezuela,2,0,0,2,48,51,0,VEN,26226900,1.71089,4070,1.12451E+11,18.2866,Latin America and Caribbean,4287.63,0.004074888,0.002571166,0.7
2008,Venezuela,1,0,0,1,108,83,0,VEN,27933800,1.47404,9300,3.15953E+11,5.27785,Latin America and Caribbean,11310.8,0.004128634,0.004965969,0.753
2012,Venezuela,1,1,0,0,68,70,0,VEN,29470400,1.27811,12660,3.81286E+11,5.62596,Latin America and Caribbean,12937.9,0.004147899,0.005079809,0.774
2000,Vietnam,1,0,1,0,7,7,0,VNM,79001100,1.11687,380,31172500000,6.78732,East Asia and Pacific,394.583,0.012928885,0.000931301,0.579
2008,Vietnam,1,0,1,0,13,18,0,VNM,85597200,0.980255,990,99130300000,5.66177,East Asia and Pacific,1158.1,0.012651315,0.001558072,0.64
2016,Vietnam,2,1,1,0,22,24,0,VNM,93126500,1.00923,2580,2.57096E+11,6.69001,East Asia and Pacific,2760.72,0.012495182,0.003394658,0.689
1996,Zambia,1,0,1,0,8,8,0,ZMB,8902020,2.47803,420,3597220000,6.21855,Sub-Saharan Africa,404.09,0.001540384,0.000114135,0.416
2004,Zimbabwe,3,1,1,1,12,11,0,ZWE,12160900,0.701856,320,5805600000,-5.80754,Sub-Saharan Africa,477.399,0.001889441,0.000132743,0.428
2008,Zimbabwe,4,1,3,0,13,15,0,ZWE,12550300,0.798207,130,4415700000,-17.6689,Sub-Saharan Africa,351.839,0.001854948,6.94034E-05,0.439
2020,United States,113,39,41,33,614,263,0,USA,331526933,0.968999516,64690,2.1323E+13,-2.213469333,North America,64317.39891,0.042601664,0.252224469,0.923
2020,China,88,38,32,18,398,199,0,CHN,1411100000,0.23804087,10520,1.46877E+13,2.238638356,East Asia and Pacific,10408.71955,0.18132828,0.173738083,0.781
2020,Japan,58,27,14,17,585,218,1,JPN,126261000,-0.294194618,40940,5.05559E+12,-4.147118899,East Asia and Pacific,40040.76551,0.016224711,0.059801424,0.919
2020,United kingdom,65,22,21,22,366,179,0,GBR,67081234,0.365758264,38750,2.69781E+12,-10.35990082,Europe and Central Asia,40217.00901,0.00862003,0.031911759,0.932
2020,Russian Olympic Committee,71,20,28,23,318,204,0,ROC,145245148,-0.143202032,10660,1.49308E+12,-2.653654501,Europe and Central Asia,10108.32715,0.0186642,0.017661265,0.824
2020,Australia,46,17,7,22,470,183,0,AUS,25649248,1.233428251,53630,1.33038E+12,-0.334686359,East Asia and Pacific,51868.24756,0.003295963,0.01573679,0.944
2020,Netherlands,36,10,12,14,272,109,0,NED,17441500,0.55554079,50170,9.09793E+11,-3.886083918,Europe and Central Asia,52162.57012,0.002241257,0.010761746,0.944
2020,France,33,10,12,11,377,169,0,FRA,67571107,0.271350508,39250,2.64742E+12,-7.540459162,Europe and Central Asia,39179.74426,0.00868298,0.031315731,0.901
2020,Germany,37,10,11,16,399,176,0,GER,83160871,0.081693159,47970,3.88773E+12,-3.826768716,Europe and Central Asia,46749.47623,0.010686286,0.045987066,0.947
2020,Italy,40,10,10,20,354,168,0,ITA,59438851,-0.487095092,32440,1.89746E+12,-8.974192121,Europe and Central Asia,31922.91916,0.007637974,0.022444655,0.892
2020,Canada,24,7,6,11,368,164,0,CAN,38028638,1.084368971,43900,1.65568E+12,-5.038233441,North America,43537.8393,0.004886732,0.019584729,0.929
2020,Brazil,21,7,6,8,291,110,0,BRA,213196304,0.665176682,7910,1.47611E+12,-3.276758796,Latin America and Caribbean,6923.699912,0.027396017,0.017460547,0.765
2020,New Zealand,20,7,6,7,202,75,0,NZL,5090200,2.204788696,41660,2.12698E+11,-0.424906458,East Asia and Pacific,41785.69229,0.000654098,0.002515952,0.931
2020,Cuba,15,7,3,5,69,56,0,CUB,11300698,-0.141475202,0,1.07352E+11,-10.9490846,Latin America and Caribbean,9499.572504,0.001452155,0.001269841,0.783
2020,Hungary,20,6,7,7,154,83,0,HUN,9750149,-0.215067837,16040,1.57289E+11,-4.487046048,Europe and Central Asia,16131.95404,0.001252907,0.001860536,0.854
2020,South Korea,20,6,4,10,222,106,0,KOR,51836239,0.137869266,33040,1.64431E+12,-0.709415359,East Asia and Pacific,31721.29891,0.006661028,0.019450214,0.922
2020,Poland,14,4,5,5,195,113,0,POL,37899070,-0.175062058,15300,5.99443E+11,-2.020070734,Europe and Central Asia,15816.81905,0.004870082,0.007090676,0.88
2020,Czech Republic,11,4,4,3,117,57,0,CZE,10697858,0.243222682,21800,2.45975E+11,-5.502967961,Europe and Central Asia,22992.87938,0.001374689,0.002909579,0.891
2020,Kenya,10,4,4,2,78,20,0,KEN,51985780,2.009700111,1900,1.00658E+11,-0.272766327,Sub-Saharan Africa,1936.250755,0.006680244,0.001190655,0.601
2020,Norway,8,4,2,2,92,42,0,NOR,5379475,0.588757324,78610,3.67633E+11,-1.278171785,Europe and Central Asia,68340.0181,0.00069127,0.004348655,0.957
2020,Jamaica,9,4,1,4,60,21,0,JAM,2820436,0.236519558,4900,13812421836,-9.920322451,Latin America and Caribbean,4897.264762,0.00036243,0.000163384,0.734
2020,Spain,17,3,8,6,324,121,0,ESP,47365655,0.488502132,27180,1.27813E+12,-11.16729786,Europe and Central Asia,26984.29628,0.006086551,0.015118704,0.904
2020,Sweden,9,3,6,0,129,60,0,SWE,10353442,0.722703913,54810,5.47054E+11,-2.170213179,Europe and Central Asia,52837.90398,0.001330431,0.006470983,0.945
2020,Switzerland,13,3,4,6,115,63,0,SUI,8638167,0.730676195,81740,7.41999E+11,-2.141737207,Europe and Central Asia,85897.78433,0.001110016,0.008776947,0.955
2020,Denmark,11,3,4,4,103,50,0,DEN,5831404,0.291641177,62540,3.54763E+11,-2.424512679,Europe and Central Asia,60836.59241,0.000749343,0.00419641,0.94
2020,Croatia,8,3,3,2,57,38,0,CRO,4047680,-0.433210221,14740,58221300898,-8.520438134,Europe and Central Asia,14383.8695,0.000520132,0.000688687,0.851
2020,Iran,7,3,2,2,66,40,0,IRN,87290193,0.835176148,3270,2.39735E+11,3.330288459,Middle East and North Africa,2746.419483,0.011216909,0.002835778,0.779
2020,Serbia,9,3,1,5,83,40,0,SRB,6899126,-0.666107601,7440,53356484591,-0.903218502,Europe and Central Asia,7733.803469,0.000886547,0.000631142,0.806
2020,Belgium,7,3,1,3,124,59,0,BEL,11538604,0.430996815,46100,5.26022E+11,-5.304473365,Europe and Central Asia,45587.96831,0.001482726,0.006222192,0.931
2020,Bulgaria,6,3,1,2,41,27,0,BUL,6934015,-0.600241518,9530,70368758395,-3.966156136,Europe and Central Asia,10148.3424,0.00089103,0.000832377,0.816
2020,Slovenia,5,3,1,1,51,30,0,SLO,2102419,0.669754656,25480,53734526854,-4.240883722,Europe and Central Asia,25558.42905,0.000270164,0.000635614,0.917
2020,Uzbekistan,5,3,0,2,63,53,0,UZB,34232050,1.922126527,1770,60224701297,1.995585082,Europe and Central Asia,1759.307471,0.004398865,0.000712385,0.72
2020,Georgia,8,2,5,1,35,28,0,GEO,3722716,0.068656249,4330,16010869216,-6.290471785,Europe and Central Asia,4300.857013,0.000478374,0.000189389,0.812
2020,Chinese Taipei,12,2,4,6,67,49,0,TPE,23561236,0.18,29369,6.7318E+11,3.4,East Asia and Pacific,26549,0.000569649,0.001634169,0.868
2020,Turkey,13,2,2,9,102,68,0,TUR,83384680,0.970386031,9160,7.20338E+11,1.85983969,Europe and Central Asia,8638.739133,0.010715045,0.008520725,0.82
2020,Greece,4,2,1,1,75,38,0,GRE,10698599,-0.214592107,17920,1.8848E+11,-9.316435765,Europe and Central Asia,17617.29151,0.001374785,0.002229492,0.888
2020,Uganda,4,2,1,1,24,11,0,UGA,44404611,3.332808745,820,37600368240,2.951306422,Sub-Saharan Africa,846.7672026,0.005706053,0.000444766,0.544
2020,Ecuador,3,2,1,0,46,31,0,ECU,17588595,1.401904626,5400,95865472000,-9.245096377,Latin America and Caribbean,5450.433761,0.002260159,0.001133972,0.759
2020,Ireland,4,2,0,2,116,47,0,IRL,4985382,1.029110503,66010,4.28609E+11,6.617194668,Europe and Central Asia,85973.08849,0.000640628,0.005069918,0.955
2020,Israel,4,2,0,2,85,42,0,ISR,9215100,1.763679392,43120,4.13268E+11,-1.857289278,Middle East and North Africa,44846.7916,0.001184153,0.004888452,0.919
2020,Qatar,3,2,0,1,14,7,0,QAT,2760385,-1.682985039,58440,1.44411E+11,-3.55760399,Middle East and North Africa,52315.66008,0.000354713,0.00170821,0.848
2020,Bahamas,2,2,0,0,16,4,0,BHS,406471,0.471994445,23550,9958200000,-21.42346307,Latin America and Caribbean,24499.16476,5.22321E-05,0.000117793,0.814
2020,Kosovo,2,2,0,0,10,8,0,KOS,1790133,0.070131109,4440,7717145218,-5.340275478,Europe and Central Asia,4310.934002,0.000230035,9.12844E-05,0.782
2020,Ukraine,19,1,6,12,152,93,0,UKR,44207754,-0.601605747,3570,1.56618E+11,-3.7528041,Europe and Central Asia,3751.737305,0.005680757,0.001852596,0.779
2020,Belarus,7,1,3,3,104,64,0,BLR,9379952,-0.42347525,6410,61371755326,-0.672904125,Europe and Central Asia,6542.86454,0.001205337,0.000725953,0.823
2020,Romania,4,1,3,0,99,42,0,ROU,19265250,-0.550759893,12710,2.51363E+11,-3.677510791,Europe and Central Asia,13047.45666,0.002475611,0.002973312,0.828
2020,India,7,1,2,4,117,55,0,IND,1396387127,0.955220858,1910,2.67485E+12,-5.777724707,South Asia,1915.551588,0.179437655,0.031640229,0.645
2020,Hong Kong,6,1,2,3,40,29,0,HKG,7481000,-0.358932662,48550,3.44943E+11,-6.544778677,East Asia and Pacific,46109.22999,0.000961319,0.004080256,0.955
2020,Philippines,4,1,2,1,18,15,0,PHI,112190977,1.626632905,3350,3.61751E+11,-9.518294741,East Asia and Pacific,3224.422811,0.014416694,0.004279074,0.718
2020,Slovakia,4,1,2,1,38,29,0,SVK,5458827,0.085769476,19250,1.06738E+11,-3.32972321,Europe and Central Asia,19553.26096,0.000701467,0.001262579,0.86
2020,South Africa,3,1,2,0,171,48,0,RSA,58801927,1.223179295,6110,3.38291E+11,-5.963358184,Sub-Saharan Africa,5753.066494,0.007556128,0.004001574,0.709
2020,Austria,7,1,1,5,72,54,0,AUT,8916864,0.415176732,48980,4.35049E+11,-6.632991437,Europe and Central Asia,48789.49785,0.001145829,0.005146102,0.922
2020,Egypt,6,1,1,4,133,74,0,EGY,107465134,1.733129572,3010,3.83818E+11,3.550164839,Middle East and North Africa,3571.556907,0.013809417,0.004540097,0.707
2020,Indonesia,5,1,1,3,26,17,0,INA,271857970,0.840389268,3900,1.05905E+12,-2.065511829,East Asia and Pacific,3895.618152,0.034934121,0.012527326,0.718
2020,Ethiopia,4,1,1,2,42,13,0,ETH,117190911,2.654859156,880,1.07658E+11,6.059530886,Sub-Saharan Africa,918.6525941,0.015059192,0.00127346,0.485
2020,Portugal,4,1,1,2,85,45,0,POR,10297081,0.105114125,21850,2.29032E+11,-8.300516541,Europe and Central Asia,22242.40642,0.001323189,0.002709167,0.864
2020,Tunisia,2,1,1,0,57,46,0,TUN,12161723,0.928583172,3230,42491816476,-8.59182618,Middle East and North Africa,3493.897738,0.001562798,0.000502626,0.74
2020,Estonia,2,1,0,1,33,22,0,EST,1329522,0.197559185,23500,31330419851,-0.965410617,Europe and Central Asia,23565.17594,0.000170845,0.000370601,0.892
2020,Fiji,2,1,0,1,28,5,0,FIJ,920422,0.21284622,4650,4432466220,-17.03987084,East Asia and Pacific,4815.689129,0.000118275,5.24307E-05,0.743
2020,Latvia,2,1,0,1,29,21,0,LVA,1900449,-0.701211571,17900,34390910339,-3.513802842,Europe and Central Asia,18096.20271,0.00024421,0.000406802,0.866
2020,Thailand,2,1,0,1,39,29,0,THA,71475664,0.235182865,6910,5.00462E+11,-6.050038469,East Asia and Pacific,7001.850287,0.009184721,0.005919853,0.777
2020,Morocco,1,1,0,0,48,28,0,MAR,36688772,1.053160179,3260,1.21354E+11,-7.178207442,Middle East and North Africa,3258.269043,0.004714557,0.001435465,0.686
2020,Puerto Rico,1,1,0,0,35,19,0,PUR,3281557,2.713976432,21200,1.03131E+11,-4.180874309,Latin America and Caribbean,31427.42911,0.000421685,0.001219913,0.842
2020,Colombia,5,0,4,1,64,46,0,COL,50930662,1.470102032,5810,2.70348E+11,-7.185914138,Latin America and Caribbean,5308.164707,0.00654466,0.003197891,0.767
2020,Azerbaijan,7,0,3,4,41,33,0,AZE,10093121,0.684365325,4480,42693000000,-4.300000102,Europe and Central Asia,4229.910649,0.00129698,0.000505006,0.756
2020,Dominican Republic,5,0,3,2,61,24,0,DOM,10999664,1.076552247,7170,78844656298,-6.720239373,Latin America and Caribbean,7167.914974,0.001413472,0.000932636,0.756
2020,Armenia,4,0,2,2,16,14,0,ARM,2805608,-0.533006607,4470,12641698583,-7.199999999,Europe and Central Asia,4505.867742,0.000360524,0.000149536,0.776
2020,Kyrgyzstan,3,0,2,1,16,14,0,KGZ,6579900,1.897863823,1240,8270468614,-7.148977577,Europe and Central Asia,1256.929226,0.000845526,9.78295E-05,0.697
2020,Mongolia,4,0,1,3,43,42,0,MGL,3294335,1.897015028,3720,13312981429,-4.557751976,East Asia and Pacific,4041.174146,0.000423327,0.000157476,0.737
2020,Argentina,3,0,1,2,180,56,0,ARG,45376763,0.970053991,9010,3.85741E+11,-9.900484814,Latin America and Caribbean,8500.837939,0.005830976,0.004562839,0.845
2020,San Marino,3,0,1,2,4,5,0,SMR,34007,-0.501577645,41450,1541247884,-6.647910819,Europe and Central Asia,45321.48922,4.36995E-06,1.82311E-05,0.844
2020,Jordan,2,0,1,1,11,11,0,JOR,10928721,2.127362818,4050,43700383099,-1.102751883,Middle East and North Africa,3998.673138,0.001404356,0.000516922,0.74
2020,Malaysia,2,0,1,1,29,19,0,MAS,33199993,1.199859622,10320,3.37456E+11,-5.456846584,East Asia and Pacific,10164.34443,0.004266244,0.003991694,0.81
2020,Nigeria,2,0,1,1,59,18,0,NGA,208327405,2.440608885,2110,4.32199E+11,-1.794253083,Sub-Saharan Africa,2074.613748,0.026770356,0.005112385,0.539
2020,Bahrain,1,0,1,0,30,8,0,BRN,441725,0.835902309,31210,12005799654,1.13357335,East Asia and Pacific,27179.35289,5.67623E-05,0.000142014,0.852
2020,Saudi Arabia,1,0,1,0,32,9,0,KSA,35997107,0.472667096,22480,7.34271E+11,-3.581534863,Middle East and North Africa,20398.06143,0.004625677,0.008685532,0.854
2020,Lithuania,1,0,1,0,37,26,0,LTU,2794885,0.026766758,19700,56964942999,-0.024612495,Europe and Central Asia,20381.85578,0.000359147,0.000673826,0.882
2020,North Macedonia,1,0,1,0,8,5,0,MKD,1856124,-1.07910572,6460,12361036914,-4.68845001,Europe and Central Asia,6659.596511,0.000238514,0.000146216,0.774
2020,Namibia,1,0,1,0,11,10,0,NAM,2489098,1.720310624,4650,10583748542,-8.101400746,Sub-Saharan Africa,4252.04172,0.000319852,0.000125193,0.646
2020,Turkmenistan,1,0,1,0,8,5,0,TKM,6250438,1.483129015,0,45818000000,5.9,Europe and Central Asia,7330.366288,0.00080319,0.000541971,0.731
2020,Kazakhstan,8,0,0,8,92,73,0,KAZ,18755666,1.298635325,8710,1.71082E+11,-2.499999996,Europe and Central Asia,9121.636409,0.002410129,0.002023696,0.825
2020,Mexico,4,0,0,4,155,70,0,MEX,125998302,0.727243816,8960,1.12083E+12,-8.624555731,Latin America and Caribbean,8895.615216,0.016190954,0.013258079,0.779
2020,Finland,2,0,0,2,45,23,0,FIN,5529543,0.143641197,50030,2.71886E+11,-2.354965157,Europe and Central Asia,49169.71934,0.000710554,0.00321608,0.938
2020,Botswana,1,0,0,1,13,5,0,BOT,2546402,1.850985764,6130,14960291106,-8.728752526,Sub-Saharan Africa,5875.070435,0.000327216,0.000176962,0.735
2020,Burkina Faso,1,0,0,1,7,5,0,BFA,21522626,2.688787667,770,17725010531,2.010772624,Sub-Saharan Africa,823.5524109,0.002765687,0.000209665,0.452
2020,Côte d'Ivoire,1,0,0,1,29,9,0,CIV,26811790,2.508618203,2280,63027852805,0.699728593,Sub-Saharan Africa,2350.751397,0.003445352,0.000745543,0.53
2020,Ghana,1,0,0,1,14,6,0,GHA,32180401,2.066268801,2230,70043095504,0.513941671,Sub-Saharan Africa,2176.576218,0.004135226,0.000828524,0.611
2020,Grenada,1,0,0,1,6,2,0,GRD,123663,0.762219229,7890,1043411111,-13.75662226,Latin America and Caribbean,8437.536782,1.58909E-05,1.23423E-05,0.779
2020,Kuwait,1,0,0,1,10,4,0,KWT,4360444,-1.832820647,32790,1.07513E+11,-5.274020605,Middle East and North Africa,24656.43371,0.000560323,0.001271748,0.806
2020,Moldova,1,0,0,1,19,16,0,MDA,2635130,-1.098031659,4360,11530746234,-8.27597832,Europe and Central Asia,4375.778893,0.000338618,0.000136395,0.769
2020,Syria,1,0,0,1,6,4,0,SYR,20772595,3.300177355,780,11155888304,-0.182330467,Middle East and North Africa,537.0483709,0.002669307,0.000131961,0.561
2024,United States,126,40,44,42,619,270,0,USA,345426571,0.0057,76770,2.87811E+13,2.7,North America,85372.686,0.0432,0.263968523,0.927
2024,China,91,40,27,24,398,219,0,CHN,1419321278,-0.0023,12850,1.85326E+13,4.6,East Asia and Pacific,13136.482,0.1773,0.169973859,0.788
2024,Japan,45,20,12,13,431,181,0,JPN,123753041,-0.005,42440,4.11045E+12,0.9,East Asia and Pacific,33138.163,0.0155,0.037699413,0.92
2024,Australia,53,18,19,16,475,227,0,AUS,26713205,0.0099,60840,1.79035E+12,1.5,East Asia and Pacific,66589.055,0.0033,0.016420352,0.946
2024,France,64,16,26,22,601,251,1,FRA,66548530,0.0017,45290,3.13001E+12,0.7,Europe and Central Asia,47358.557,0.0083,0.02870723,0.91
2024,Netherlands,34,15,7,12,290,125,0,NED,18228742,0.0075,60230,1.14251E+12,0.6,Europe and Central Asia,63749.903,0.0023,0.01047867,0.946
2024,United Kingdom,65,14,22,29,343,185,0,GBR,69138192,0.0066,49240,3.49526E+12,0.5,Europe and Central Asia,51074.793,0.0086,0.032057129,0.94
2024,South Korea,32,13,9,10,147,99,0,KOR,51717590,-0.0006,36190,1.76095E+12,2.3,East Asia and Pacific,34164.985,0.0065,0.016150698,0.929
2024,Italy,40,12,13,15,397,208,0,ITA,59342867,-0.0026,38200,2.32803E+12,0.7,Europe and Central Asia,39579.56,0.0074,0.021351737,0.906
2024,Germany,33,12,13,8,457,216,0,GER,84552242,0,54030,4.5911E+12,0.2,Europe and Central Asia,54290.944,0.0106,0.042107723,0.95
2024,New Zealand,20,10,7,3,208,96,0,NZL,5213944,0.0079,49090,2.57626E+11,1,East Asia and Pacific,48530.814,0.0007,0.002362842,0.939
2024,Canada,27,9,7,11,332,167,0,CAN,39742430,0.0113,52960,2.24218E+12,1.2,North America,54866.046,0.005,0.020564392,0.935
2024,Uzbekistan,13,8,2,3,88,62,0,UZB,36361859,0.0199,2190,97956000000,5.2,Europe and Central Asia,2665.812,0.0045,0.000898413,0.727
2024,Hungary,19,6,7,6,177,98,0,HUN,9676135,-0.0011,19010,2.23413E+11,2.2,Europe and Central Asia,23318.553,0.0012,0.002049054,0.851
2024,Spain,18,5,4,9,401,154,0,ESP,47910526,0,32090,1.64711E+12,1.9,Europe and Central Asia,34045.166,0.006,0.015106667,0.911
2024,Sweden,11,4,4,3,125,75,0,SWE,10606999,0.0053,63500,6.23048E+11,0.2,Europe and Central Asia,58528.523,0.0013,0.005714346,0.952
2024,Kenya,11,4,2,5,74,25,0,KEN,56432944,0.0198,2170,1.04001E+11,5,Sub-Saharan Africa,1983.099,0.007,0.000953855,0.601
2024,Norway,8,4,1,3,109,55,0,NOR,5576660,0.0104,95520,5.26951E+11,1.5,Europe and Central Asia,94659.918,0.0007,0.004832983,0.966
2024,Ireland,7,4,0,3,143,69,0,IRL,5255017,0.0112,79730,5.6402E+11,1.5,Europe and Central Asia,106058.582,0.0007,0.005172965,0.95
2024,Brazil,20,3,7,10,290,151,0,BRA,211998573,0.0041,8140,2.33139E+12,2.2,Latin America and Caribbean,11351.871,0.0265,0.021382581,0.76
2024,Iran,12,3,6,3,41,36,0,IRN,91567738,0.0106,3980,4.64181E+11,3.3,Middle East and North Africa,5310.256,0.0114,0.004257282,0.78
2024,Ukraine,12,3,5,4,141,87,0,UKR,37860221,0.0034,4260,1.88943E+11,3.2,Europe and Central Asia,5662.948,0.0047,0.001732909,0.734
2024,Romania,9,3,4,2,96,53,0,ROU,19015088,-0.0054,15570,3.69971E+11,2.8,Europe and Central Asia,19529.841,0.0024,0.003393225,0.827
2024,Georgia,7,3,3,1,28,28,0,GEO,3807670,0,5600,32865000000,5.7,Europe and Central Asia,8825.411,0.0005,0.000301425,0.814
2024,Belgium,10,3,1,6,177,86,0,BEL,11738763,0.0022,53890,6.55192E+11,1.2,Europe and Central Asia,55536.223,0.0015,0.006009158,0.942
2024,Bulgaria,7,3,1,3,46,40,0,BUL,6757689,-0.0056,13350,1.07933E+11,2.7,Europe and Central Asia,16942.519,0.0008,0.000989918,0.799
2024,Serbia,5,3,1,1,114,44,0,SRB,6736216,-0.0055,9290,81873000000,3.5,Europe and Central Asia,12383.904,0.0008,0.000750906,0.805
2024,Czech Republic,5,3,0,2,111,85,0,CZE,10735859,-0.0068,26100,3.2588E+11,0.7,Europe and Central Asia,29800.665,0.0013,0.00298884,0.895
2024,Denmark,9,2,2,5,131,63,0,DEN,5977412,0.0049,73520,4.09989E+11,2.1,Europe and Central Asia,68897.547,0.0007,0.003760254,0.952
2024,Azerbaijan,7,2,2,3,48,41,0,AZE,10336577,0.0018,5660,78749000000,2.8,Europe and Central Asia,7640.915,0.0013,0.000722254,0.76
2024,Croatia,7,2,2,3,73,41,0,CRO,3875325,-0.0053,19600,88076000000,3,Europe and Central Asia,22966.106,0.0005,0.000807798,0.878
2024,Bahrain,4,2,1,1,14,12,0,BRN,1607049,0.0238,31410,15510000000,2.4,East Asia and Pacific,35111.31,0.0002,0.000142251,0.823
2024,Slovenia,3,2,1,0,95,44,0,SLO,2118697,0.0001,29590,72101000000,2,Europe and Central Asia,34026.494,0.0003,0.000661281,0.926
2024,Chinese Taipei,7,2,0,5,60,47,0,TPE,23213962,-0.0044,33565,8.02958E+11,3.1,East Asia and Pacific,34431.965,0.0029,0.007364408,0.926
2024,Austria,5,2,0,3,84,65,0,AUT,9120813,-0.0011,55720,5.40887E+11,0.4,Europe and Central Asia,59225.15,0.0011,0.004960798,0.926
2024,Hong Kong,4,2,0,2,34,29,0,HKG,7414909,-0.0037,54370,4.06775E+11,2.9,East Asia and Pacific,53606.486,0.0009,0.003730777,0.956
2024,Philippines,4,2,0,2,22,19,0,PHI,115843670,0.0083,3950,4.71516E+11,6.2,East Asia and Pacific,4130.275,0.0145,0.004324555,0.71
2024,Algeria,3,2,0,1,46,41,0,ALG,46814308,0.0141,3920,2.6678E+11,3.8,Middle East and North Africa,5721.678,0.0058,0.002446799,0.745
2024,Indonesia,2,2,0,0,29,22,0,INA,283487931,0.0082,4580,1.47569E+12,5,East Asia and Pacific,5270.975,0.0354,0.013534435,0.713
2024,Israel,7,1,5,1,89,56,0,ISR,9387021,0.0141,55140,5.30664E+11,1.6,Middle East and North Africa,53371.545,0.0012,0.004867037,0.915
2024,Poland,10,1,4,5,226,135,0,POL,38539201,-0.0058,18900,8.44623E+11,3.1,Europe and Central Asia,23013.882,0.0048,0.007746543,0.881
2024,Kazakhstan,7,1,3,3,79,72,0,KAZ,20592571,0.0129,9620,2.9674E+11,3.1,Europe and Central Asia,14778.424,0.0026,0.00272158,0.802
2024,Jamaica,6,1,3,2,65,37,0,JAM,2839175,-0.0002,5760,20098000000,1.8,Latin America and Caribbean,7309.314,0.0004,0.000184331,0.706
2024,South Africa,6,1,3,2,141,66,0,RSA,64007187,0.0126,6780,3.73233E+11,0.9,Sub-Saharan Africa,5974.912,0.008,0.003423143,0.717
2024,Thailand,6,1,3,2,52,43,0,THA,71668011,-0.0005,7230,5.4889E+11,2.7,East Asia and Pacific,7811.598,0.009,0.005034198,0.803
2024,Ethiopia,4,1,3,0,33,14,0,ETH,132059767,0.0262,1020,2.0513E+11,6.2,Sub-Saharan Africa,1909.984,0.0165,0.00188137,0.492
2024,Switzerland,8,1,2,5,137,83,0,SUI,8921981,0.0058,95490,9.38458E+11,1.3,Europe and Central Asia,105668.981,0.0011,0.008607159,0.967
2024,Ecuador,5,1,2,2,40,33,0,ECU,18135478,0.0086,6300,1.21592E+11,0.1,Latin America and Caribbean,6566.926,0.0023,0.001115193,0.765
2024,Portugal,4,1,2,1,75,57,0,POR,10425292,-0.0005,25950,2.98949E+11,1.7,Europe and Central Asia,28969.288,0.0013,0.00274184,0.874
2024,Greece,8,1,1,6,100,54,0,GRE,10047817,-0.019,21810,2.50276E+11,2,Europe and Central Asia,23965.779,0.0013,0.002295431,0.893
2024,Argentina,3,1,1,1,143,46,0,ARG,45696159,0.0035,11590,6.0426E+11,-2.8,Latin America and Caribbean,12811.84,0.0057,0.00554203,0.849
2024,Egypt,3,1,1,1,157,82,0,EGY,116538258,0.0175,4100,3.47594E+11,3,Middle East and North Africa,3224.868,0.0146,0.003187992,0.728
2024,Tunisia,3,1,1,1,26,24,0,TUN,12277109,0.0063,3830,54708000000,1.9,Middle East and North Africa,4435.001,0.0015,0.00050176,0.732
2024,Botswana,2,1,1,0,14,8,0,BOT,2521139,0.0165,7430,21418000000,3.6,Sub-Saharan Africa,7875.313,0.0003,0.000196437,0.708
2024,Chile,2,1,1,0,48,38,0,CHI,19764771,0.0054,15360,3.3376E+11,2,Latin America and Caribbean,16616.231,0.0025,0.003061113,0.86
2024,Saint Lucia,2,1,1,0,4,4,0,LCA,179744,0.0026,12400,2582000000,2.4,Latin America and Caribbean,14101.38,0,2.36811E-05,0.725
2024,Uganda,2,1,1,0,25,17,0,UGA,50015092,0.0279,930,56310000000,5.6,Sub-Saharan Africa,1201.968,0.0062,0.000516453,0.55
2024,Dominican Republic,3,1,0,2,59,25,0,DOM,11427557,0.0085,9050,1.27356E+11,5.4,Latin America and Caribbean,11773.566,0.0014,0.001168058,0.766
2024,Guatemala,2,1,0,1,16,14,0,GUA,18406359,0.0155,5350,1.10035E+11,3.5,Latin America and Caribbean,5678.085,0.0023,0.001009197,0.629
2024,Morocco,2,1,0,1,61,36,0,MAR,38081173,0.0098,3670,1.52377E+11,3.1,Middle East and North Africa,4077.525,0.0048,0.001397541,0.698
2024,Dominican Republic,1,1,0,0,4,4,0,DMA,66205,-0.0046,8430,708000000,4.6,Latin America and Caribbean,9455.158,0,6.49349E-06,0.74
2024,Turkey,8,0,3,5,101,76,0,TUR,87473805,0.0023,10630,1.11356E+12,3.1,Europe and Central Asia,12764.707,0.0109,0.010213134,0.855
2024,Mexico,5,0,3,2,108,74,0,MEX,130861007,0.0086,10820,2.01703E+12,2.4,Latin America and Caribbean,15248.788,0.0163,0.018499342,0.781
2024,Armenia,4,0,3,1,15,15,0,ARM,2973840,0.0103,5960,25408000000,6,Europe and Central Asia,8575.301,0.0004,0.000233032,0.786
2024,Colombia,4,0,3,1,88,56,0,COL,52886363,0.0108,6500,3.86076E+11,1.1,Latin America and Caribbean,7327.118,0.0066,0.003540934,0.758
2024,Kyrgyzstan,6,0,2,4,16,16,0,KGZ,7186009,0.0159,1440,13599000000,4.4,Europe and Central Asia,1921.514,0.0009,0.000124725,0.701
2024,Lithuania,4,0,2,2,51,37,0,LTU,2859110,0.0018,23870,81170000000,2.2,Europe and Central Asia,28407.196,0.0004,0.000744459,0.879
2024,India,6,0,1,5,112,67,0,IND,1450935791,0.0089,2390,3.93701E+12,6.8,South Asia,2730.774,0.1812,0.036108682,0.644
2024,Moldova,4,0,1,3,26,25,0,MDA,3034961,-0.0105,5500,18356000000,2.6,Europe and Central Asia,7488.443,0.0004,0.000168354,0.763
2024,Cyprus,1,0,1,0,15,15,0,CYP,1358282,0.0099,31520,34221000000,2.7,Europe and Central Asia,37148.586,0.0002,0.000313861,0.907
2024,Fiji,1,0,1,0,36,11,0,FIJ,928784,0.005,5390,5801000000,3,East Asia and Pacific,6287.253,0.0001,5.32044E-05,0.729
2024,Jordan,1,0,1,0,12,12,0,JOR,11552876,0.0099,4350,53570000000,2.6,Middle East and North Africa,4705.339,0.0014,0.000491323,0.736
2024,Mongolia,1,0,1,0,32,31,0,MGL,3475540,0.0127,4260,21943000000,6.5,East Asia and Pacific,6181.886,0.0004,0.000201252,0.741
2024,Panama,1,0,1,0,8,8,0,PAN,4515577,0.0127,16960,87347000000,2.5,Latin America and Caribbean,19369.476,0.0006,0.000801112,0.82
2024,Tajikistan,3,0,0,3,14,14,0,TJK,10590927,0.0194,1210,12953000000,6.5,Europe and Central Asia,1271.387,0.0013,0.0001188,0.679
2024,Albania,2,0,0,2,8,8,0,ALB,2791765,-0.0071,6770,25431000000,3.1,Europe and Central Asia,8924.317,0.0003,0.000233243,0.789
2024,Grenada,2,0,0,2,6,6,0,GRN,117207,0.0011,9070,1406000000,4.1,Latin America and Caribbean,12254.599,0,1.28953E-05,0.793
2024,Malaysia,2,0,0,2,26,20,0,MAS,35557673,0.0123,11830,4.45519E+11,4.4,East Asia and Pacific,13314.84,0.0044,0.004086121,0.807
2024,Cabo Verde,1,0,0,1,7,7,0,CPV,524877,0.0049,3950,2718000000,4.7,Sub-Saharan Africa,4655.649,0.0001,2.49284E-05,0.661
2024,Côte d'Ivoire,1,0,0,1,13,11,0,CIV,31934230,0.0247,2620,86911000000,6.5,Sub-Saharan Africa,2717.404,0.004,0.000797113,0.534
2024,Peru,1,0,0,1,26,20,0,PER,34217848,0.011,6740,2.82458E+11,2.5,Latin America and Caribbean,8290.943,0.0043,0.002590591,0.762
2024,Qatar,1,0,0,1,13,10,0,QAT,3048423,0.0233,70120,2.44686E+11,2,Middle East and North Africa,81399.515,0.0004,0.002244162,0.875
2024,Singapore,1,0,0,1,23,20,0,SGP,5832387,0.0075,67200,5.25228E+11,2.1,East Asia and Pacific,88446.924,0.0007,0.00481718,0.949
2024,Zambia,1,0,0,1,31,8,0,ZAM,21314956,0.0285,1240,29872000000,4.7,Sub-Saharan Africa,1413.421,0.0027,0.000273974,0.569
